-- MySQL dump 10.13  Distrib 8.0.19, for Win64 (x86_64)
--
-- Host: monorail.proxy.rlwy.net    Database: railway
-- ------------------------------------------------------
-- Server version	9.4.0

/*!40101 SET @OLD_CHARACTER_SET_CLIENT=@@CHARACTER_SET_CLIENT */;
/*!40101 SET @OLD_CHARACTER_SET_RESULTS=@@CHARACTER_SET_RESULTS */;
/*!40101 SET @OLD_COLLATION_CONNECTION=@@COLLATION_CONNECTION */;
/*!50503 SET NAMES utf8mb4 */;
/*!40103 SET @OLD_TIME_ZONE=@@TIME_ZONE */;
/*!40103 SET TIME_ZONE='+00:00' */;
/*!40014 SET @OLD_UNIQUE_CHECKS=@@UNIQUE_CHECKS, UNIQUE_CHECKS=0 */;
/*!40014 SET @OLD_FOREIGN_KEY_CHECKS=@@FOREIGN_KEY_CHECKS, FOREIGN_KEY_CHECKS=0 */;
/*!40101 SET @OLD_SQL_MODE=@@SQL_MODE, SQL_MODE='NO_AUTO_VALUE_ON_ZERO' */;
/*!40111 SET @OLD_SQL_NOTES=@@SQL_NOTES, SQL_NOTES=0 */;

--
-- Table structure for table `attendances`
--

DROP TABLE IF EXISTS `attendances`;
/*!40101 SET @saved_cs_client     = @@character_set_client */;
/*!50503 SET character_set_client = utf8mb4 */;
CREATE TABLE `attendances` (
  `id` bigint unsigned NOT NULL AUTO_INCREMENT,
  `user_id` bigint unsigned NOT NULL,
  `date` date NOT NULL,
  `status` varchar(255) NOT NULL DEFAULT 'present',
  `remarks` text,
  `time_in_am` time DEFAULT NULL,
  `time_out_am` time DEFAULT NULL,
  `time_in_pm` time DEFAULT NULL,
  `time_out_pm` time DEFAULT NULL,
  `hours_rendered` decimal(5,2) DEFAULT NULL,
  `created_at` timestamp NULL DEFAULT NULL,
  `updated_at` timestamp NULL DEFAULT NULL,
  PRIMARY KEY (`id`)
) ENGINE=InnoDB AUTO_INCREMENT=417 DEFAULT CHARSET=utf8mb4 COLLATE=utf8mb4_0900_ai_ci;
/*!40101 SET character_set_client = @saved_cs_client */;

--
-- Dumping data for table `attendances`
--

LOCK TABLES `attendances` WRITE;
/*!40000 ALTER TABLE `attendances` DISABLE KEYS */;
INSERT INTO `attendances` VALUES (1,2,'2026-02-04','present',NULL,'07:54:00','12:03:00','12:58:00','17:06:00',8.28,'2026-04-07 17:20:52','2026-04-07 17:20:52'),(2,2,'2026-02-19','present','Ramadan',NULL,NULL,NULL,NULL,0.00,'2026-04-07 17:23:13','2026-04-07 18:06:46'),(3,2,'2026-04-06','present',NULL,'07:29:00','12:02:00','12:59:00','18:34:00',10.13,'2026-04-07 17:29:40','2026-04-07 17:29:40'),(4,2,'2026-02-05','present',NULL,'07:57:00','12:02:00','12:59:00','17:05:00',8.18,'2026-04-07 17:31:50','2026-04-07 17:31:50'),(5,3,'2026-02-04','present',NULL,'07:54:00','12:03:00','12:58:00','17:06:00',8.28,'2026-04-07 17:34:35','2026-04-07 17:34:35'),(6,3,'2026-02-05','present',NULL,'07:57:00','12:02:00','12:19:00','17:05:00',8.85,'2026-04-07 17:35:19','2026-04-07 17:35:19'),(7,3,'2026-02-06','present',NULL,'07:57:00','12:01:00','12:58:00','17:07:00',8.22,'2026-04-07 17:35:47','2026-04-07 17:35:47'),(8,3,'2026-02-07','weekend',NULL,NULL,NULL,NULL,NULL,0.00,'2026-04-07 17:59:57','2026-04-07 18:02:16'),(9,2,'2026-02-07','weekend',NULL,NULL,NULL,NULL,NULL,0.00,'2026-04-07 18:03:50','2026-04-07 18:06:13'),(10,2,'2026-04-09','holiday',NULL,NULL,NULL,NULL,NULL,0.00,'2026-04-07 18:04:22','2026-04-07 18:08:22'),(11,3,'2026-02-08','weekend',NULL,NULL,NULL,NULL,NULL,0.00,'2026-04-07 18:47:08','2026-04-07 18:47:08'),(12,3,'2026-02-09','present',NULL,'07:59:00','12:01:00','12:59:00','17:01:00',8.07,'2026-04-07 18:47:46','2026-04-07 18:47:46'),(13,3,'2026-02-10','present',NULL,'07:55:00','12:03:00','12:58:00','17:02:00',8.20,'2026-04-07 18:48:45','2026-04-07 18:48:45'),(14,3,'2026-02-11','present',NULL,'07:54:00','12:02:00','12:59:00','17:06:00',8.25,'2026-04-07 18:49:46','2026-04-07 18:49:46'),(15,3,'2026-02-12','present',NULL,'07:59:00','12:01:00','12:57:00','17:10:00',8.25,'2026-04-07 18:50:16','2026-04-07 18:50:16'),(16,3,'2026-02-13','present',NULL,'07:52:00','12:05:00','12:57:00','17:09:00',8.42,'2026-04-07 18:51:38','2026-04-07 18:51:38'),(17,3,'2026-02-14','weekend',NULL,NULL,NULL,NULL,NULL,0.00,'2026-04-07 18:51:48','2026-04-07 18:51:48'),(18,3,'2026-02-15','weekend',NULL,NULL,NULL,NULL,NULL,0.00,'2026-04-07 18:51:55','2026-04-07 18:51:55'),(19,3,'2026-02-16','present',NULL,'07:57:00','12:02:00','12:59:00','17:03:00',8.15,'2026-04-07 18:52:52','2026-04-07 21:41:29'),(20,3,'2026-02-17','holiday',NULL,NULL,NULL,NULL,NULL,0.00,'2026-04-07 18:54:19','2026-04-07 18:54:19'),(21,3,'2026-02-18','present',NULL,'07:52:00','12:02:00','12:59:00','17:07:00',8.30,'2026-04-07 18:55:35','2026-04-07 18:55:39'),(22,3,'2026-02-19','present',NULL,'07:27:00',NULL,NULL,'15:38:00',8.18,'2026-04-07 21:30:03','2026-04-07 21:30:03'),(23,3,'2026-02-20','present',NULL,'07:28:00',NULL,NULL,'15:35:00',8.12,'2026-04-07 21:30:40','2026-04-07 21:30:40'),(24,3,'2026-02-21','weekend',NULL,NULL,NULL,NULL,NULL,0.00,'2026-04-07 21:38:07','2026-04-07 21:38:07'),(25,3,'2026-02-22','weekend',NULL,NULL,NULL,NULL,NULL,0.00,'2026-04-07 21:38:16','2026-04-07 21:38:16'),(26,3,'2026-02-23','present',NULL,'07:25:00',NULL,NULL,'15:35:00',8.17,'2026-04-07 21:39:14','2026-04-07 21:39:14'),(27,3,'2026-02-24','present',NULL,'07:26:00',NULL,NULL,'15:37:00',8.18,'2026-04-07 21:42:51','2026-04-07 21:42:51'),(28,3,'2026-02-25','present',NULL,'07:24:00',NULL,NULL,'15:38:00',8.23,'2026-04-07 21:43:09','2026-04-07 21:43:09'),(29,3,'2026-02-26','present',NULL,'07:23:00',NULL,NULL,'15:31:00',8.13,'2026-04-07 21:43:43','2026-04-07 21:43:43'),(30,3,'2026-02-27','present',NULL,'07:24:00',NULL,NULL,'15:39:00',8.25,'2026-04-07 21:44:01','2026-04-07 21:44:01'),(31,3,'2026-02-28','weekend',NULL,NULL,NULL,NULL,NULL,0.00,'2026-04-07 21:44:11','2026-04-07 21:44:11'),(32,3,'2026-03-01','weekend',NULL,NULL,NULL,NULL,NULL,0.00,'2026-04-07 21:44:38','2026-04-07 21:44:38'),(33,3,'2026-03-02','present',NULL,'07:21:00',NULL,NULL,'15:37:00',8.27,'2026-04-07 21:45:15','2026-04-07 21:45:15'),(34,3,'2026-03-03','present',NULL,'07:24:00',NULL,NULL,'15:39:00',8.25,'2026-04-07 21:45:35','2026-04-07 21:45:35'),(35,3,'2026-03-04','present',NULL,'07:26:00',NULL,NULL,'15:33:00',8.12,'2026-04-07 21:45:54','2026-04-07 21:45:54'),(36,3,'2026-03-05','present',NULL,'07:29:00',NULL,NULL,'15:31:00',8.03,'2026-04-07 21:46:10','2026-04-07 21:46:10'),(37,3,'2026-03-06','present',NULL,'07:22:00',NULL,NULL,'15:34:00',8.20,'2026-04-07 21:46:27','2026-04-07 21:46:27'),(38,3,'2026-03-07','weekend',NULL,NULL,NULL,NULL,NULL,0.00,'2026-04-07 21:46:57','2026-04-07 21:46:57'),(39,3,'2026-03-08','weekend',NULL,NULL,NULL,NULL,NULL,0.00,'2026-04-07 21:47:06','2026-04-07 21:47:06'),(40,3,'2026-03-09','present',NULL,'07:24:00',NULL,NULL,'15:40:00',8.27,'2026-04-07 21:54:47','2026-04-07 21:54:47'),(41,3,'2026-03-10','present',NULL,'07:23:00',NULL,NULL,'15:35:00',8.20,'2026-04-07 21:55:25','2026-04-07 21:55:25'),(42,3,'2026-03-11','present',NULL,'07:25:00',NULL,NULL,'15:34:00',8.15,'2026-04-07 21:56:08','2026-04-07 21:56:08'),(43,3,'2026-03-12','present',NULL,'07:29:00',NULL,NULL,'15:33:00',8.07,'2026-04-07 21:56:33','2026-04-07 21:56:33'),(44,3,'2026-03-13','Dayoff',NULL,NULL,NULL,NULL,NULL,0.00,'2026-04-07 21:58:46','2026-04-07 21:58:46'),(45,3,'2026-03-14','weekend',NULL,NULL,NULL,NULL,NULL,0.00,'2026-04-07 21:59:19','2026-04-07 21:59:19'),(46,3,'2026-03-15','weekend',NULL,NULL,NULL,NULL,NULL,0.00,'2026-04-07 21:59:26','2026-04-07 21:59:26'),(47,3,'2026-03-16','present',NULL,'07:27:00',NULL,NULL,'15:36:00',8.15,'2026-04-07 22:00:11','2026-04-07 22:00:11'),(48,3,'2026-03-17','present',NULL,'07:24:00',NULL,NULL,'15:39:00',8.25,'2026-04-07 22:00:38','2026-04-07 22:00:38'),(49,3,'2026-03-18','holiday',NULL,NULL,NULL,NULL,NULL,0.00,'2026-04-07 22:00:59','2026-04-07 22:00:59'),(50,3,'2026-03-19','present',NULL,'07:26:00',NULL,NULL,'15:35:00',8.15,'2026-04-07 22:01:35','2026-04-07 22:01:35'),(51,3,'2026-03-20','holiday',NULL,NULL,NULL,NULL,NULL,0.00,'2026-04-07 22:02:07','2026-04-07 22:02:07'),(52,3,'2026-03-21','weekend',NULL,NULL,NULL,NULL,NULL,0.00,'2026-04-07 22:02:18','2026-04-07 22:02:18'),(53,3,'2026-03-22','weekend',NULL,NULL,NULL,NULL,NULL,0.00,'2026-04-07 22:02:34','2026-04-07 22:02:34'),(54,3,'2026-03-23','present',NULL,'07:25:00','12:02:00','12:59:00','18:33:00',10.18,'2026-04-07 22:03:42','2026-04-07 22:05:41'),(55,3,'2026-03-24','present',NULL,'07:24:00','12:01:00','12:57:00','18:35:00',10.25,'2026-04-07 22:06:06','2026-04-07 22:06:06'),(56,3,'2026-03-25','present',NULL,'07:24:00','12:05:00','12:55:00','18:37:00',10.38,'2026-04-07 22:06:36','2026-04-07 22:06:36'),(57,3,'2026-03-26','present',NULL,'07:22:00','12:02:00','12:57:00','18:35:00',10.30,'2026-04-07 22:08:53','2026-04-07 22:08:53'),(58,3,'2026-03-27','Dayoff',NULL,NULL,NULL,NULL,NULL,0.00,'2026-04-07 22:09:25','2026-04-07 22:09:25'),(59,3,'2026-03-28','weekend',NULL,NULL,NULL,NULL,NULL,0.00,'2026-04-07 22:09:35','2026-04-07 22:09:35'),(60,3,'2026-03-29','weekend',NULL,NULL,NULL,NULL,NULL,0.00,'2026-04-07 22:09:45','2026-04-07 22:09:45'),(61,3,'2026-03-30','present',NULL,'07:26:00','12:04:00','12:55:00','18:33:00',10.27,'2026-04-07 22:11:46','2026-04-07 22:11:46'),(62,3,'2026-03-31','present',NULL,'07:24:00','12:02:00','12:57:00','18:31:00',10.20,'2026-04-07 22:12:07','2026-04-07 22:12:07'),(63,3,'2026-04-01','Dayoff',NULL,NULL,NULL,NULL,NULL,0.00,'2026-04-07 22:13:55','2026-04-07 22:13:55'),(64,3,'2026-04-02','holiday',NULL,NULL,NULL,NULL,NULL,0.00,'2026-04-07 22:14:04','2026-04-07 22:14:04'),(65,3,'2026-04-03','holiday',NULL,NULL,NULL,NULL,NULL,0.00,'2026-04-07 22:14:12','2026-04-07 22:14:12'),(66,3,'2026-04-04','weekend',NULL,NULL,NULL,NULL,NULL,0.00,'2026-04-07 22:14:21','2026-04-07 22:14:21'),(67,3,'2026-04-05','weekend',NULL,NULL,NULL,NULL,NULL,0.00,'2026-04-07 22:14:35','2026-04-07 22:14:35'),(68,3,'2026-04-06','present',NULL,'07:27:00','12:04:00','12:55:00','18:31:00',10.22,'2026-04-07 22:15:20','2026-04-07 22:15:20'),(69,3,'2026-04-07','present',NULL,'07:25:00','12:01:00','12:56:00','18:34:00',10.23,'2026-04-07 22:15:39','2026-04-07 22:15:39'),(70,3,'2026-04-08','present',NULL,'07:22:00','12:02:00','12:52:00','18:37:00',10.42,'2026-04-07 22:16:15','2026-04-08 02:22:07'),(71,2,'2026-04-04','weekend',NULL,NULL,NULL,NULL,NULL,0.00,'2026-04-08 02:05:30','2026-04-08 02:05:30'),(72,3,'2026-04-09','holiday',NULL,NULL,NULL,NULL,NULL,0.00,'2026-04-12 16:40:33','2026-04-12 16:40:33'),(73,3,'2026-04-10','Dayoff',NULL,NULL,NULL,NULL,NULL,0.00,'2026-04-12 16:40:42','2026-04-12 16:40:42'),(74,3,'2026-04-11','Dayoff',NULL,NULL,NULL,NULL,NULL,0.00,'2026-04-12 16:40:49','2026-04-12 16:40:49'),(75,3,'2026-04-12','Dayoff',NULL,NULL,NULL,NULL,NULL,0.00,'2026-04-12 16:40:58','2026-04-12 16:40:58'),(76,3,'2026-04-13','present',NULL,'07:25:00','12:05:00','12:55:00','18:32:00',10.28,'2026-04-12 16:42:10','2026-04-14 04:32:39'),(77,3,'2026-04-14','present',NULL,'07:28:00','12:04:00','12:58:00','18:33:00',10.18,'2026-04-13 16:41:57','2026-04-19 00:51:53'),(78,2,'2026-04-14','present',NULL,'07:32:00','12:01:00','12:59:00','18:30:00',10.00,'2026-04-14 03:25:30','2026-04-14 03:31:32'),(79,6,'2026-02-04','present',NULL,'10:00:00','12:00:00','13:00:00','17:00:00',6.00,'2026-04-14 03:41:05','2026-04-14 04:35:46'),(80,6,'2026-02-05','present',NULL,'08:10:00','12:00:00','13:00:00','16:50:00',7.67,'2026-04-14 03:43:30','2026-04-14 04:36:42'),(81,6,'2026-02-06','present',NULL,'08:40:00','11:20:00','13:13:00','16:50:00',6.28,'2026-04-14 03:44:13','2026-04-14 04:38:13'),(82,6,'2026-02-09','present',NULL,'07:43:00','12:00:00','13:00:00','15:20:00',6.62,'2026-04-14 03:45:25','2026-04-14 04:39:25'),(83,6,'2026-02-10','present',NULL,'08:17:00','12:00:00','13:00:00','15:30:00',6.22,'2026-04-14 03:45:56','2026-04-14 04:39:50'),(84,12,'2026-04-14','present',NULL,'08:00:00','00:00:00','01:00:00','05:00:00',-4.00,'2026-04-14 03:57:35','2026-04-14 04:00:01'),(85,6,'2026-02-11','present',NULL,'08:22:00','12:00:00','13:00:00','16:00:00',6.63,'2026-04-14 04:14:09','2026-04-14 04:40:21'),(86,6,'2026-02-12','present',NULL,'08:28:00','12:00:00','13:00:00','16:40:00',7.20,'2026-04-14 04:14:48','2026-04-14 04:40:52'),(87,6,'2026-02-13','present',NULL,'08:50:00','11:50:00','12:35:00','16:44:00',7.15,'2026-04-14 04:15:49','2026-04-14 04:41:42'),(88,6,'2026-02-16','present',NULL,'08:00:00','12:00:00','13:00:00','17:00:00',8.00,'2026-04-14 04:16:41','2026-04-14 04:42:27'),(89,6,'2026-02-18','present',NULL,'07:43:00','12:00:00','13:00:00','16:00:00',7.28,'2026-04-14 04:17:45','2026-04-14 04:43:07'),(90,6,'2026-02-19','present',NULL,'07:56:00','12:00:00','13:00:00','15:33:00',6.62,'2026-04-14 04:18:26','2026-04-14 04:43:41'),(91,6,'2026-02-20','present',NULL,'08:50:00','11:43:00','12:40:00','15:12:00',5.42,'2026-04-14 04:19:36','2026-04-14 04:44:26'),(92,6,'2026-02-23','present',NULL,'08:45:00','11:43:00','12:40:00','15:30:00',5.80,'2026-04-14 04:20:51','2026-04-14 04:45:09'),(93,6,'2026-02-24','present',NULL,'08:07:00','12:00:00','13:00:00','15:30:00',6.38,'2026-04-14 04:21:28','2026-04-14 04:45:56'),(94,6,'2026-02-25','present',NULL,'07:34:00','12:00:00','13:00:00','15:49:00',7.25,'2026-04-14 04:22:06','2026-04-14 04:46:21'),(95,6,'2026-02-26','present',NULL,'08:03:00','12:00:00','13:00:00','15:30:00',6.45,'2026-04-14 04:23:06','2026-04-14 04:46:48'),(96,6,'2026-02-27','present',NULL,'08:03:00','11:50:00','13:00:00','15:30:00',6.28,'2026-04-14 04:23:38','2026-04-14 04:47:16'),(97,14,'2025-02-03','present',NULL,'07:55:00','12:01:00','12:59:00','17:05:00',8.20,'2026-04-14 04:43:55','2026-04-14 04:43:55'),(98,6,'2026-03-02','present',NULL,'07:54:00','12:00:00','13:00:00','15:32:00',6.63,'2026-04-14 04:50:43','2026-04-14 04:50:43'),(99,6,'2026-03-03','present',NULL,'07:57:00','12:00:00','13:00:00','15:32:00',6.58,'2026-04-14 04:51:46','2026-04-14 04:51:46'),(100,6,'2026-03-04','present',NULL,'08:25:00','12:00:00','13:00:00','15:44:00',6.32,'2026-04-14 04:52:25','2026-04-14 04:52:25'),(101,6,'2026-03-05','present',NULL,'08:17:00','12:00:00','13:00:00','15:30:00',6.22,'2026-04-14 04:52:51','2026-04-14 04:52:51'),(102,6,'2026-03-06','present',NULL,'07:52:00','11:44:00','12:30:00','15:00:00',6.37,'2026-04-14 04:53:58','2026-04-14 04:53:58'),(103,6,'2026-03-09','present',NULL,'08:01:00','12:00:00','13:00:00','15:03:00',6.03,'2026-04-14 04:54:52','2026-04-14 04:54:52'),(104,6,'2026-03-10','present',NULL,'08:03:00','12:00:00','13:00:00','14:40:00',5.62,'2026-04-14 04:55:32','2026-04-14 04:55:32'),(105,6,'2026-03-11','present',NULL,'08:15:00','12:00:00','13:00:00','15:20:00',6.08,'2026-04-14 04:56:01','2026-04-14 04:56:01'),(106,6,'2026-03-12','present',NULL,'07:51:00','12:00:00','13:00:00','15:43:00',6.87,'2026-04-14 04:56:52','2026-04-14 04:56:52'),(107,6,'2026-03-16','present',NULL,'07:59:00','12:00:00','13:00:00','16:03:00',7.07,'2026-04-14 04:57:59','2026-04-14 04:57:59'),(108,6,'2026-03-17','present',NULL,'08:02:00','12:00:00','13:00:00','15:40:00',6.63,'2026-04-14 04:58:35','2026-04-14 04:58:35'),(109,6,'2026-03-19','present',NULL,'08:30:00','12:00:00','13:00:00','15:30:00',6.00,'2026-04-14 04:59:30','2026-04-14 04:59:30'),(110,6,'2026-03-23','present',NULL,'08:15:00','12:00:00','13:00:00','18:30:00',9.25,'2026-04-14 05:00:25','2026-04-14 05:00:25'),(111,6,'2026-03-24','present',NULL,'08:20:00','12:00:00','13:00:00','18:04:00',8.73,'2026-04-14 05:00:54','2026-04-14 05:00:54'),(112,6,'2026-03-25','present',NULL,'09:20:00','12:00:00','13:00:00','17:30:00',7.17,'2026-04-14 05:03:53','2026-04-14 05:03:53'),(113,6,'2026-03-26','present',NULL,'08:24:00','12:00:00','13:00:00','17:30:00',8.10,'2026-04-14 05:04:23','2026-04-14 05:04:23'),(114,6,'2026-03-30','present',NULL,'08:20:00','12:00:00','13:00:00','18:30:00',9.17,'2026-04-14 05:04:57','2026-04-14 05:04:57'),(115,6,'2026-03-31','present',NULL,'07:15:00','12:00:00','13:00:00','18:30:00',10.25,'2026-04-14 05:05:26','2026-04-14 05:05:26'),(116,6,'2026-04-06','present',NULL,'08:04:00','12:00:00','13:00:00','18:43:00',9.65,'2026-04-14 05:07:01','2026-04-14 05:07:01'),(117,6,'2026-04-07','present',NULL,'08:14:00','12:00:00','13:00:00','17:30:00',8.27,'2026-04-14 05:07:48','2026-04-14 05:07:48'),(118,6,'2026-04-08','present',NULL,'08:27:00','12:00:00','13:00:00','18:30:00',9.05,'2026-04-14 05:08:09','2026-04-14 05:08:09'),(119,6,'2026-04-13','present',NULL,'08:13:00','12:00:00','13:00:00','18:35:00',9.37,'2026-04-14 05:08:43','2026-04-14 05:08:43'),(120,15,'2026-02-04','present',NULL,'10:00:00','12:00:00','13:00:00','17:30:00',6.50,'2026-04-14 05:23:17','2026-04-14 05:23:17'),(121,15,'2026-02-05','present',NULL,'08:28:00','12:00:00','13:00:00','17:05:00',7.62,'2026-04-14 05:24:27','2026-04-14 05:24:27'),(122,15,'2026-02-06','present',NULL,'07:50:00','12:00:00','13:00:00','17:00:00',8.17,'2026-04-14 05:24:54','2026-04-14 05:24:54'),(123,15,'2026-02-09','present',NULL,'07:40:00','12:00:00','13:00:00','17:00:00',8.33,'2026-04-14 05:25:35','2026-04-14 05:25:35'),(124,15,'2026-02-10','present',NULL,'08:17:00','12:00:00','13:00:00','17:20:00',8.05,'2026-04-14 05:29:41','2026-04-14 05:29:41'),(125,15,'2026-02-11','present',NULL,'08:12:00','12:00:00','13:00:00','17:03:00',7.85,'2026-04-14 05:30:21','2026-04-14 05:30:21'),(126,14,'2026-02-04','present',NULL,'07:40:00','12:01:00','13:00:00','17:00:00',8.35,'2026-04-14 05:30:52','2026-04-14 05:30:52'),(127,18,'2026-02-10','present',NULL,'08:00:00','11:30:00','13:00:00','15:30:00',6.00,'2026-04-14 05:32:04','2026-04-27 03:18:07'),(128,21,'2026-02-04','present',NULL,'07:40:00','12:01:00','13:00:00','17:00:00',8.35,'2026-04-14 05:35:36','2026-04-14 05:35:36'),(129,21,'2026-02-05','present',NULL,'08:00:00','12:01:00','13:00:00','17:00:00',8.02,'2026-04-14 05:40:34','2026-04-14 05:40:34'),(130,21,'2026-02-06','present',NULL,'07:50:00','11:25:00','13:05:00','17:00:00',7.50,'2026-04-14 05:42:38','2026-04-14 05:42:38'),(131,21,'2026-02-10','present',NULL,'08:00:00','12:10:00','13:00:00','17:00:00',8.17,'2026-04-14 05:45:19','2026-04-14 05:45:19'),(132,21,'2026-02-12','present',NULL,'07:50:00','12:01:00','13:00:00','17:00:00',8.18,'2026-04-14 05:52:33','2026-04-14 05:52:33'),(133,21,'2026-02-13','present',NULL,'08:00:00','12:01:00','13:00:00','17:00:00',8.02,'2026-04-14 05:53:55','2026-04-14 05:53:55'),(134,21,'2026-02-16','present',NULL,'08:00:00','12:01:00','13:00:00','17:00:00',8.02,'2026-04-14 05:54:39','2026-04-14 05:54:39'),(135,21,'2026-02-19','present',NULL,'08:00:00','12:01:00','13:00:00','17:00:00',8.02,'2026-04-14 05:54:58','2026-04-14 05:54:58'),(136,21,'2026-02-20','present',NULL,'08:00:00','12:01:00','13:00:00','17:00:00',8.02,'2026-04-14 05:55:13','2026-04-14 05:55:13'),(137,21,'2026-02-23','present',NULL,'08:00:00','12:01:00','13:01:00','17:00:00',8.00,'2026-04-14 05:56:17','2026-04-14 05:56:17'),(138,21,'2026-02-24','present',NULL,'08:00:00','12:01:00','13:01:00','17:00:00',8.00,'2026-04-14 05:56:44','2026-04-14 05:56:44'),(139,21,'2026-02-25','present',NULL,'08:00:00','12:01:00','13:01:00','17:00:00',8.00,'2026-04-14 05:56:55','2026-04-14 05:56:55'),(140,21,'2026-02-26','present',NULL,'08:00:00','12:01:00','13:01:00','17:00:00',8.00,'2026-04-14 05:57:13','2026-04-14 05:57:13'),(141,21,'2026-02-27','present',NULL,'08:00:00','12:01:00','13:01:00','17:00:00',8.00,'2026-04-14 05:57:33','2026-04-14 05:57:33'),(142,21,'2026-03-02','present',NULL,'08:00:00','12:01:00','13:01:00','17:00:00',8.00,'2026-04-14 05:57:50','2026-04-14 05:57:50'),(143,21,'2026-03-03','present',NULL,'08:00:00','12:01:00','13:01:00','17:00:00',8.00,'2026-04-14 05:58:09','2026-04-14 05:58:09'),(144,21,'2026-03-04','present',NULL,'08:00:00','12:01:00','13:01:00','17:00:00',8.00,'2026-04-14 05:58:24','2026-04-14 05:58:24'),(145,21,'2026-03-05','present',NULL,'08:00:00','12:01:00','13:01:00','17:00:00',8.00,'2026-04-14 05:58:36','2026-04-14 05:58:36'),(146,21,'2026-03-06','present',NULL,'08:00:00','12:01:00','13:01:00','17:00:00',8.00,'2026-04-14 05:58:47','2026-04-14 05:58:47'),(147,21,'2026-03-07','present',NULL,'08:00:00','12:01:00','13:01:00','17:00:00',8.00,'2026-04-14 05:58:58','2026-04-14 05:58:58'),(148,21,'2026-03-09','present',NULL,'08:00:00','12:01:00','13:01:00','17:00:00',8.00,'2026-04-14 05:59:20','2026-04-14 05:59:20'),(149,21,'2026-03-10','present',NULL,'08:00:00','12:01:00','13:01:00','17:00:00',8.00,'2026-04-14 05:59:33','2026-04-14 05:59:33'),(150,21,'2026-03-11','present',NULL,'08:00:00','12:01:00','13:01:00','17:00:00',8.00,'2026-04-14 05:59:51','2026-04-14 05:59:51'),(151,21,'2026-03-12','present',NULL,'08:00:00','12:01:00','13:01:00','17:00:00',8.00,'2026-04-14 06:00:10','2026-04-14 06:00:10'),(152,21,'2026-03-16','present',NULL,'08:00:00','12:01:00','13:01:00','17:00:00',8.00,'2026-04-14 06:00:21','2026-04-14 06:00:21'),(153,21,'2026-03-17','present',NULL,'08:00:00','12:01:00','13:01:00','17:00:00',8.00,'2026-04-14 06:00:31','2026-04-14 06:00:31'),(154,21,'2026-03-19','present',NULL,'08:00:00','12:01:00','13:01:00','17:00:00',8.00,'2026-04-14 06:00:41','2026-04-14 06:00:41'),(155,21,'2026-04-23','present',NULL,'08:00:00','12:01:00','13:00:00','17:00:00',8.02,'2026-04-14 06:04:07','2026-04-14 06:04:07'),(156,21,'2026-04-24','present',NULL,'08:00:00','12:01:00','13:00:00','17:00:00',8.02,'2026-04-14 06:04:18','2026-04-14 06:04:18'),(157,21,'2026-04-25','present',NULL,'08:00:00','12:01:00','13:00:00','17:00:00',8.02,'2026-04-14 06:05:53','2026-04-14 06:05:53'),(158,21,'2026-04-26','present',NULL,'08:00:00','12:01:00','13:00:00','17:00:00',8.02,'2026-04-14 06:06:04','2026-04-14 06:06:04'),(159,21,'2026-04-27','present',NULL,'08:00:00','12:01:00','13:00:00','17:00:00',8.02,'2026-04-14 06:06:15','2026-04-14 06:06:15'),(160,21,'2026-04-30','present',NULL,'08:00:00','12:01:00','13:00:00','17:00:00',8.02,'2026-04-14 06:06:29','2026-04-14 06:06:29'),(161,21,'2026-03-23','present',NULL,'08:00:00','12:01:00','13:01:00','17:00:00',8.00,'2026-04-14 06:24:38','2026-04-14 06:24:38'),(162,21,'2026-03-24','present',NULL,'08:00:00','12:01:00','13:01:00','17:00:00',8.00,'2026-04-14 06:24:52','2026-04-14 06:24:52'),(163,21,'2026-03-25','present',NULL,'08:00:00','12:01:00','13:01:00','17:00:00',8.00,'2026-04-14 06:25:17','2026-04-14 06:25:17'),(164,21,'2026-03-26','present',NULL,'08:00:00','12:01:00','13:01:00','17:00:00',8.00,'2026-04-14 06:25:31','2026-04-14 06:25:31'),(165,21,'2026-03-27','present',NULL,'08:00:00','12:01:00','13:01:00','17:00:00',8.00,'2026-04-14 06:25:45','2026-04-14 06:25:45'),(166,21,'2026-03-30','present',NULL,'08:00:00','12:01:00','13:01:00','17:00:00',8.00,'2026-04-14 06:25:59','2026-04-14 06:25:59'),(167,21,'2026-03-31','present',NULL,'08:00:00','12:01:00','13:01:00','17:00:00',8.00,'2026-04-14 06:26:10','2026-04-14 06:26:10'),(168,21,'2026-04-06','present',NULL,'08:00:00','12:01:00','13:01:00','17:00:00',8.00,'2026-04-14 06:27:35','2026-04-14 06:27:35'),(169,21,'2026-04-07','present',NULL,'08:00:00','12:01:00','13:01:00','17:00:00',8.00,'2026-04-14 06:27:44','2026-04-14 06:27:44'),(170,21,'2026-04-08','present',NULL,'08:00:00','12:01:00','13:01:00','17:00:00',8.00,'2026-04-14 06:27:55','2026-04-14 06:27:55'),(171,21,'2026-04-13','present',NULL,'08:00:00','12:01:00','13:01:00','17:00:00',8.00,'2026-04-14 06:28:15','2026-04-14 06:28:15'),(172,21,'2026-04-14','present',NULL,'08:00:00','12:01:00','13:01:00','17:00:00',8.00,'2026-04-14 06:28:26','2026-04-14 06:28:26'),(173,3,'2026-04-15','present',NULL,'07:25:00','12:02:00','12:59:00','18:33:00',10.18,'2026-04-15 00:22:02','2026-04-19 00:50:04'),(174,32,'2026-03-09','present',NULL,'07:37:00','12:03:00','00:50:00','17:30:00',21.10,'2026-04-15 00:41:03','2026-04-15 00:41:03'),(175,15,'2026-02-12','present',NULL,'08:05:00','12:00:00','13:00:00','16:30:00',7.42,'2026-04-15 00:46:52','2026-04-15 00:46:52'),(176,15,'2026-02-13','present',NULL,'08:45:00','12:00:00','13:00:00','17:00:00',7.25,'2026-04-15 00:47:38','2026-04-15 00:47:38'),(177,15,'2026-02-16','present',NULL,'08:05:00','12:00:00','13:00:00','17:02:00',7.95,'2026-04-15 00:48:11','2026-04-15 00:48:11'),(178,15,'2026-02-18','present',NULL,'08:06:00','12:00:00','13:00:00','15:33:00',6.45,'2026-04-15 00:48:49','2026-04-15 00:48:50'),(179,15,'2026-02-19','present',NULL,'07:32:00','11:30:00','12:30:00','15:38:00',7.10,'2026-04-15 00:50:07','2026-04-15 00:50:07'),(180,15,'2026-02-20','present',NULL,'08:01:00','11:41:00','12:58:00','15:30:00',6.20,'2026-04-15 00:52:21','2026-04-15 00:52:21'),(181,15,'2026-02-23','present',NULL,'08:45:00','11:45:00','12:45:00','16:03:00',6.30,'2026-04-15 00:54:17','2026-04-15 00:54:17'),(182,15,'2026-02-24','present',NULL,'08:20:00','12:00:00','13:00:00','15:33:00',6.22,'2026-04-15 00:56:02','2026-04-15 00:56:02'),(183,15,'2026-02-25','present',NULL,'07:38:00','12:00:00','13:00:00','15:56:00',7.30,'2026-04-15 00:56:34','2026-04-15 00:56:34'),(184,18,'2026-02-11','present',NULL,'08:00:00','11:30:00','13:00:00','15:30:00',6.00,'2026-04-15 00:57:07','2026-04-27 03:18:20'),(185,15,'2026-02-26','present',NULL,'07:59:00','11:48:00','13:00:00','15:49:00',6.63,'2026-04-15 00:57:27','2026-04-15 00:57:27'),(186,18,'2026-02-12','present',NULL,'08:00:00','11:30:00','13:00:00','16:00:00',6.50,'2026-04-15 00:57:36','2026-04-27 03:18:38'),(187,15,'2026-02-27','present',NULL,'08:00:00','12:00:00','13:00:00','15:33:00',6.55,'2026-04-15 00:58:01','2026-04-15 00:58:01'),(188,18,'2026-02-13','present',NULL,'08:00:00','11:30:00','13:00:00','15:00:00',5.50,'2026-04-15 00:58:13','2026-04-27 03:18:59'),(189,15,'2026-03-02','present',NULL,'08:03:00','12:00:00','13:00:00','15:40:00',6.62,'2026-04-15 00:58:44','2026-04-15 00:58:44'),(190,18,'2026-02-16','present',NULL,'08:00:00','11:30:00','13:00:00','15:30:00',6.00,'2026-04-15 00:58:59','2026-04-27 03:21:51'),(191,15,'2026-03-03','present',NULL,'08:05:00','12:00:00','13:00:00','15:32:00',6.45,'2026-04-15 00:59:17','2026-04-15 00:59:17'),(192,15,'2026-03-04','present',NULL,'08:23:00','12:00:00','13:00:00','15:33:00',6.17,'2026-04-15 00:59:58','2026-04-15 00:59:58'),(193,18,'2026-02-18','present',NULL,'08:00:00','11:30:00','13:00:00','15:30:00',6.00,'2026-04-15 01:00:03','2026-04-27 03:22:21'),(194,15,'2026-03-05','present',NULL,'08:03:00','12:00:00','12:43:00','15:40:00',6.90,'2026-04-15 01:00:31','2026-04-15 01:00:31'),(195,18,'2026-02-19','present',NULL,'08:00:00','11:30:00','13:00:00','15:30:00',6.00,'2026-04-15 01:00:33','2026-04-27 03:22:30'),(196,15,'2026-03-06','present',NULL,'07:35:00','12:00:00','13:00:00','15:32:00',6.95,'2026-04-15 01:02:26','2026-04-15 01:02:26'),(197,15,'2026-03-09','present',NULL,'08:10:00','12:00:00','13:00:00','15:35:00',6.42,'2026-04-15 01:03:02','2026-04-15 01:03:02'),(198,15,'2026-03-10','present',NULL,'07:41:00','12:00:00','13:00:00','15:30:00',6.82,'2026-04-15 01:03:38','2026-04-15 01:03:38'),(199,15,'2026-03-11','present',NULL,'08:12:00','12:00:00','13:00:00','15:45:00',6.55,'2026-04-15 01:04:11','2026-04-15 01:04:11'),(200,15,'2026-03-12','present',NULL,'07:53:00','12:00:00','13:00:00','15:30:00',6.62,'2026-04-15 01:04:45','2026-04-15 01:04:45'),(201,18,'2026-02-20','present',NULL,'08:00:00','12:00:00','13:00:00','15:00:00',6.00,'2026-04-15 01:04:48','2026-04-15 01:04:48'),(202,15,'2026-03-16','present',NULL,'07:58:00','12:00:00','13:00:00','16:03:00',7.08,'2026-04-15 01:05:26','2026-04-15 01:05:26'),(203,18,'2026-02-23','present',NULL,'08:00:00','12:00:00','13:00:00','15:00:00',6.00,'2026-04-15 01:05:50','2026-04-15 01:05:50'),(204,15,'2026-03-17','present',NULL,'08:10:00','12:00:00','13:00:00','15:30:00',6.33,'2026-04-15 01:05:59','2026-04-15 01:05:59'),(205,15,'2026-03-19','present',NULL,'08:05:00','12:00:00','13:00:00','15:30:00',6.42,'2026-04-15 01:06:51','2026-04-15 01:06:51'),(206,18,'2026-02-24','present',NULL,'08:00:00','12:00:00','13:00:00','15:00:00',6.00,'2026-04-15 01:07:09','2026-04-15 01:07:09'),(207,15,'2026-03-23','present',NULL,'08:31:00','12:00:00','13:00:00','18:30:00',8.98,'2026-04-15 01:07:19','2026-04-15 01:09:57'),(208,18,'2026-02-25','present',NULL,'08:00:00','12:00:00','13:00:00','15:00:00',6.00,'2026-04-15 01:07:23','2026-04-15 01:07:23'),(209,18,'2026-02-26','present',NULL,'08:00:00','12:00:00','13:00:00','15:00:00',6.00,'2026-04-15 01:07:54','2026-04-15 01:07:54'),(210,18,'2026-02-27','present',NULL,'08:00:00','12:00:00','13:00:00','15:00:00',6.00,'2026-04-15 01:08:03','2026-04-15 01:08:03'),(211,18,'2026-03-02','present',NULL,'08:00:00','12:00:00','13:00:00','15:00:00',6.00,'2026-04-15 01:09:31','2026-04-15 01:09:31'),(212,18,'2026-03-03','present',NULL,'08:00:00','12:00:00','13:00:00','15:00:00',6.00,'2026-04-15 01:10:18','2026-04-15 01:10:18'),(213,15,'2026-03-24','present',NULL,'08:03:00','12:00:00','13:00:00','18:30:00',9.45,'2026-04-15 01:10:24','2026-04-15 01:10:24'),(214,18,'2026-03-04','present',NULL,'08:00:00','12:00:00','13:00:00','15:00:00',6.00,'2026-04-15 01:10:30','2026-04-15 01:10:30'),(215,15,'2026-03-25','present',NULL,'08:11:00','12:00:00','13:00:00','18:30:00',9.32,'2026-04-15 01:10:50','2026-04-15 01:10:50'),(216,15,'2026-03-26','present',NULL,'08:03:00','12:00:00','13:00:00','18:30:00',9.45,'2026-04-15 01:11:41','2026-04-15 01:11:41'),(217,15,'2026-03-30','present',NULL,'08:00:00','12:00:00','13:00:00','18:33:00',9.55,'2026-04-15 01:12:21','2026-04-15 01:12:21'),(218,18,'2026-03-05','absent',NULL,NULL,NULL,NULL,NULL,0.00,'2026-04-15 01:12:34','2026-04-15 01:12:34'),(219,15,'2026-03-31','present',NULL,'08:05:00','12:00:00','13:00:00','18:30:00',9.42,'2026-04-15 01:12:48','2026-04-28 01:48:07'),(220,15,'2026-04-06','present',NULL,'08:05:00','12:00:00','13:00:00','18:45:00',9.67,'2026-04-15 01:13:32','2026-04-15 01:13:32'),(221,15,'2026-04-07','present',NULL,'08:10:00','12:00:00','13:00:00','18:30:00',9.33,'2026-04-15 01:13:56','2026-04-15 01:13:56'),(222,15,'2026-04-08','present',NULL,'08:21:00','12:00:00','13:00:00','18:31:00',9.17,'2026-04-15 01:14:36','2026-04-15 01:14:36'),(223,15,'2026-04-13','present',NULL,'08:10:00','12:00:00','13:00:00','18:35:00',9.42,'2026-04-15 01:15:45','2026-04-15 01:15:45'),(224,15,'2026-04-14','present',NULL,'08:05:00','12:00:00','13:00:00','18:35:00',9.50,'2026-04-15 01:16:11','2026-04-15 01:16:11'),(225,18,'2026-03-06','present',NULL,'08:00:00','12:00:00','13:00:00','15:00:00',6.00,'2026-04-15 01:16:15','2026-04-15 01:16:15'),(226,18,'2026-03-09','present',NULL,'08:00:00','12:00:00','13:00:00','15:00:00',6.00,'2026-04-15 01:17:09','2026-04-15 01:17:09'),(227,18,'2026-03-10','present',NULL,'08:00:00','12:00:00','13:00:00','15:00:00',6.00,'2026-04-15 01:17:23','2026-04-15 01:17:23'),(228,18,'2026-03-11','present',NULL,'08:00:00','12:00:00','13:00:00','15:00:00',6.00,'2026-04-15 01:17:46','2026-04-15 01:17:46'),(229,18,'2026-03-12','present',NULL,'08:00:00','12:00:00','13:00:00','15:00:00',6.00,'2026-04-15 01:17:58','2026-04-15 01:20:00'),(230,18,'2026-03-13','holiday',NULL,NULL,NULL,NULL,NULL,0.00,'2026-04-15 01:20:24','2026-04-15 01:20:24'),(231,18,'2026-03-16','present',NULL,'08:00:00','12:00:00','13:00:00','15:00:00',6.00,'2026-04-15 01:22:27','2026-04-15 01:22:27'),(232,18,'2026-03-17','present',NULL,'08:00:00','12:00:00','13:00:00','15:00:00',6.00,'2026-04-15 01:22:38','2026-04-15 01:22:38'),(233,18,'2026-03-19','present',NULL,'08:00:00','12:00:00','13:00:00','15:00:00',6.00,'2026-04-15 01:22:48','2026-04-15 01:22:48'),(234,18,'2026-03-23','present',NULL,'08:30:00','11:40:00','13:00:00','16:50:00',7.00,'2026-04-15 01:23:22','2026-04-15 01:43:55'),(235,18,'2026-03-24','present',NULL,'08:40:00','11:40:00','13:00:00','17:05:00',7.08,'2026-04-15 01:23:34','2026-04-15 01:45:46'),(236,18,'2026-03-25','present',NULL,'08:40:00','11:40:00','13:00:00','16:45:00',6.75,'2026-04-15 01:23:44','2026-04-15 01:46:05'),(237,18,'2026-03-26','present',NULL,'08:30:00','12:00:00','13:00:00','16:57:00',7.45,'2026-04-15 01:24:46','2026-04-15 01:47:30'),(238,18,'2026-03-30','present',NULL,'08:10:00','12:00:00','13:00:00','17:45:00',8.58,'2026-04-15 01:26:16','2026-04-15 01:51:13'),(239,18,'2026-03-31','present',NULL,'08:05:00','12:00:00','13:00:00','16:51:00',7.77,'2026-04-15 01:26:58','2026-04-15 01:52:01'),(240,18,'2026-04-06','present',NULL,'07:30:00','12:00:00','13:00:00','18:30:00',10.00,'2026-04-15 01:27:41','2026-04-15 01:27:41'),(241,18,'2026-04-07','present',NULL,'07:30:00','12:00:00','13:00:00','18:30:00',10.00,'2026-04-15 01:27:50','2026-04-15 01:27:50'),(242,18,'2026-04-08','present',NULL,'07:30:00','12:00:00','13:00:00','18:30:00',10.00,'2026-04-15 01:28:01','2026-04-15 01:29:19'),(243,18,'2026-04-13','present',NULL,'08:50:00','12:00:00','13:00:00','18:30:00',8.67,'2026-04-15 01:29:39','2026-04-15 01:53:22'),(244,18,'2026-04-14','present',NULL,'08:30:00','12:00:00','13:00:00','18:30:00',9.00,'2026-04-15 01:29:47','2026-04-15 01:53:39'),(245,18,'2026-04-23','present',NULL,'07:50:00','12:00:00','13:00:00','18:30:00',9.67,'2026-04-15 01:34:52','2026-04-23 00:12:42'),(246,18,'2026-04-24','present',NULL,'08:00:00','12:00:00','13:00:00','16:00:00',7.00,'2026-04-15 01:40:20','2026-04-24 08:29:20'),(247,18,'2026-04-15','present',NULL,'08:00:00','11:30:00','13:00:00','18:30:00',9.00,'2026-04-16 00:39:02','2026-04-16 00:39:02'),(248,18,'2026-04-16','present',NULL,'08:30:00','12:00:00','13:00:00','18:30:00',9.00,'2026-04-18 04:13:26','2026-04-18 04:13:26'),(249,3,'2026-04-19','weekend',NULL,NULL,NULL,NULL,NULL,0.00,'2026-04-19 00:48:41','2026-04-23 01:01:47'),(250,15,'2026-04-15','present',NULL,'07:50:00','12:00:00','13:00:00','18:33:00',9.72,'2026-04-20 02:58:39','2026-04-21 02:37:44'),(251,18,'2026-04-20','present',NULL,'07:30:00','12:00:00','13:00:00','18:30:00',10.00,'2026-04-20 03:00:29','2026-04-20 03:00:29'),(252,18,'2026-04-21','present',NULL,'07:50:00','12:00:00','13:00:00','18:30:00',9.67,'2026-04-21 02:35:12','2026-04-21 02:35:12'),(253,15,'2026-04-16','present',NULL,'07:35:00','12:00:00',NULL,NULL,4.42,'2026-04-21 02:38:19','2026-04-21 02:38:19'),(254,15,'2026-04-20','present',NULL,'07:40:00','12:00:00','13:00:00','18:30:00',9.83,'2026-04-21 02:39:21','2026-04-28 01:37:11'),(255,15,'2026-04-21','present',NULL,'07:35:00','12:00:00','13:00:00','18:30:00',9.92,'2026-04-21 02:40:42','2026-04-28 01:33:53'),(256,15,'2026-04-22','present',NULL,'07:40:00','12:00:00','13:00:00','18:31:00',9.85,'2026-04-22 02:39:05','2026-04-22 02:39:05'),(257,18,'2026-04-22','present',NULL,'07:50:00','12:00:00','13:00:00','18:30:00',9.67,'2026-04-22 06:41:21','2026-04-22 06:41:21'),(258,15,'2026-04-23','present',NULL,'07:50:00','12:00:00','13:00:00','18:35:00',9.75,'2026-04-23 00:01:17','2026-04-23 00:01:17'),(259,3,'2026-04-16','present',NULL,'07:28:00','12:01:00','12:59:00','18:34:00',10.13,'2026-04-23 01:01:11','2026-04-23 01:01:11'),(260,3,'2026-04-17','Dayoff',NULL,NULL,NULL,NULL,NULL,0.00,'2026-04-23 01:01:24','2026-04-23 01:01:24'),(261,3,'2026-04-18','weekend',NULL,NULL,NULL,NULL,NULL,0.00,'2026-04-23 01:01:33','2026-04-23 01:01:33'),(262,3,'2026-04-20','present',NULL,'07:24:00','12:02:00','12:56:00','18:36:00',10.30,'2026-04-23 01:03:42','2026-04-23 01:03:42'),(263,3,'2026-04-21','present',NULL,'07:26:00','12:05:00','12:58:00','18:31:00',10.20,'2026-04-23 01:04:17','2026-04-23 01:04:17'),(264,3,'2026-04-22','present',NULL,'07:25:00','12:04:00','12:55:00','18:34:00',10.30,'2026-04-23 01:04:40','2026-04-23 01:04:40'),(265,34,'2026-04-23','present',NULL,NULL,NULL,NULL,NULL,0.00,'2026-04-23 03:41:52','2026-04-23 03:41:52'),(266,35,'2026-04-23','present',NULL,'19:00:00','00:59:00','01:00:00','11:59:00',-7.03,'2026-04-23 06:40:50','2026-04-23 06:41:24'),(267,6,'2026-04-14','present',NULL,'08:08:00','12:00:00','13:00:00','18:30:00',9.37,'2026-04-24 01:10:06','2026-04-24 01:10:06'),(268,6,'2026-04-15','present',NULL,'08:44:00','12:00:00','13:00:00','18:30:00',8.77,'2026-04-24 01:10:41','2026-04-24 01:10:41'),(269,6,'2026-04-20','present',NULL,'07:30:00','12:00:00','13:00:00','18:30:00',10.00,'2026-04-24 01:11:20','2026-04-24 01:11:20'),(270,6,'2026-04-21','present',NULL,'07:40:00','12:00:00','13:00:00','18:25:00',9.75,'2026-04-24 01:12:00','2026-04-24 01:12:00'),(271,6,'2026-04-22','present',NULL,'07:50:00','12:00:00','13:00:00','18:50:00',10.00,'2026-04-24 01:12:38','2026-04-24 01:12:38'),(272,6,'2026-04-23','present',NULL,'07:25:00','12:00:00','13:00:00','18:30:00',10.08,'2026-04-24 01:13:15','2026-04-24 01:13:15'),(273,15,'2026-04-24','present',NULL,'07:35:00','12:00:00','13:00:00','18:00:00',9.42,'2026-04-24 08:31:09','2026-04-24 08:31:09'),(274,3,'2026-04-25','weekend',NULL,NULL,NULL,NULL,NULL,0.00,'2026-04-25 19:05:50','2026-04-27 01:04:20'),(275,3,'2026-04-23','present',NULL,'07:26:00','12:05:00','12:59:00','18:33:00',10.22,'2026-04-27 01:03:55','2026-04-27 01:08:23'),(276,3,'2026-04-24','Dayoff',NULL,NULL,NULL,NULL,NULL,0.00,'2026-04-27 01:04:10','2026-04-27 01:04:10'),(277,3,'2026-04-26','weekend',NULL,NULL,NULL,NULL,NULL,0.00,'2026-04-27 01:04:29','2026-04-27 01:04:29'),(278,36,'2026-02-04','present',NULL,'08:00:00','12:06:00','12:41:00','17:09:00',8.57,'2026-04-27 03:02:02','2026-04-27 03:02:18'),(279,36,'2026-02-05','present',NULL,'08:00:00','12:00:00','12:00:00','17:00:00',9.00,'2026-04-27 03:02:58','2026-04-27 03:02:58'),(280,36,'2026-02-06','present',NULL,'08:10:00','23:45:00','13:00:00','17:00:00',19.58,'2026-04-27 03:03:40','2026-04-27 03:03:40'),(281,36,'2026-02-09','present',NULL,'07:30:00','12:00:00','12:00:00','17:00:00',9.50,'2026-04-27 03:04:15','2026-04-27 03:04:15'),(282,36,'2026-02-10','present',NULL,'07:35:00','12:00:00','12:00:00','17:00:00',9.42,'2026-04-27 03:04:34','2026-04-27 03:04:34'),(283,36,'2026-02-11','present',NULL,'07:30:00','12:00:00','12:00:00','17:00:00',9.50,'2026-04-27 03:04:51','2026-04-27 03:04:51'),(284,36,'2026-02-12','present',NULL,'07:40:00','12:10:00','12:50:00','17:30:00',9.17,'2026-04-27 03:05:22','2026-04-27 03:07:14'),(285,36,'2026-02-13','present',NULL,'07:00:00','12:00:00','12:00:00','17:00:00',10.00,'2026-04-27 03:06:03','2026-04-27 03:06:03'),(286,36,'2026-02-16','present',NULL,'07:30:00','12:00:00','12:00:00','17:25:00',9.92,'2026-04-27 03:08:39','2026-04-27 03:08:39'),(287,36,'2026-02-19','present',NULL,'07:00:00','12:00:00','12:00:00','15:30:00',8.50,'2026-04-27 03:09:06','2026-04-27 03:10:51'),(288,36,'2026-02-20','present',NULL,'06:59:00','12:00:00','12:00:00','15:30:00',8.52,'2026-04-27 03:11:19','2026-04-27 03:11:36'),(289,36,'2026-02-23','present',NULL,'07:00:00','12:00:00','12:00:00','15:30:00',8.50,'2026-04-27 03:11:58','2026-04-27 03:11:58'),(290,36,'2026-02-24','present',NULL,'06:50:00','12:00:00','12:00:00','15:30:00',8.67,'2026-04-27 03:12:13','2026-04-27 03:12:13'),(291,36,'2026-02-25','present',NULL,'07:00:00','12:00:00','12:00:00','15:40:00',8.67,'2026-04-27 03:12:48','2026-04-27 03:12:48'),(292,36,'2026-02-26','present',NULL,'07:00:00','12:00:00','12:00:00','16:00:00',9.00,'2026-04-27 03:13:05','2026-04-27 03:13:05'),(293,36,'2026-02-27','present',NULL,'06:55:00','12:00:00','12:00:00','16:00:00',9.08,'2026-04-27 03:13:29','2026-04-27 03:13:29'),(294,36,'2026-03-02','present',NULL,'07:00:00','12:00:00','12:00:00','15:40:00',8.67,'2026-04-27 03:14:38','2026-04-27 03:14:38'),(295,36,'2026-03-03','present',NULL,'07:05:00','12:00:00','12:00:00','16:00:00',8.92,'2026-04-27 03:15:01','2026-04-27 03:15:01'),(296,36,'2026-03-04','present',NULL,'07:00:00','12:00:00','12:00:00','15:30:00',8.50,'2026-04-27 03:15:27','2026-04-27 03:15:27'),(297,36,'2026-03-05','present',NULL,'07:10:00','12:00:00','12:00:00','15:30:00',8.33,'2026-04-27 03:15:44','2026-04-27 03:15:44'),(298,36,'2026-03-06','present',NULL,'07:12:00','12:00:00','12:00:00','15:30:00',8.30,'2026-04-27 03:16:01','2026-04-27 03:16:01'),(299,36,'2026-03-09','present',NULL,'07:00:00','12:00:00','12:00:00','15:30:00',8.50,'2026-04-27 03:16:18','2026-04-27 03:16:18'),(300,36,'2026-03-10','present',NULL,'07:10:00','12:00:00','12:00:00','15:36:00',8.43,'2026-04-27 03:17:10','2026-04-27 03:17:10'),(301,36,'2026-03-11','present',NULL,'06:50:00','12:00:00','12:00:00','15:30:00',8.67,'2026-04-27 03:17:39','2026-04-27 03:17:39'),(302,36,'2026-03-12','present',NULL,'07:00:00','12:00:00','12:00:00','15:30:00',8.50,'2026-04-27 03:17:56','2026-04-27 03:17:56'),(303,36,'2026-03-13','present',NULL,'07:12:00','12:00:00','12:00:00','15:30:00',8.30,'2026-04-27 03:18:10','2026-04-27 03:18:10'),(304,36,'2026-03-16','present',NULL,'07:20:00','12:00:00','12:00:00','15:30:00',8.17,'2026-04-27 03:18:49','2026-04-27 03:18:49'),(305,36,'2026-03-17','present',NULL,'07:00:00','12:00:00','12:00:00','15:30:00',8.50,'2026-04-27 03:19:03','2026-04-27 03:19:03'),(306,36,'2026-03-19','present',NULL,'07:22:00','12:00:00','12:00:00','15:45:00',8.38,'2026-04-27 03:19:55','2026-04-27 03:19:55'),(307,36,'2026-03-20','present',NULL,'07:30:00','12:00:00','12:00:00','15:30:00',8.00,'2026-04-27 03:20:21','2026-04-27 03:20:21'),(308,36,'2026-03-23','present',NULL,'07:30:00','12:00:00','12:00:00','18:30:00',11.00,'2026-04-27 03:20:40','2026-04-27 03:21:29'),(309,36,'2026-03-24','present',NULL,'07:10:00','12:00:00','12:00:00','18:30:00',11.33,'2026-04-27 03:21:43','2026-04-27 03:21:43'),(310,36,'2026-03-25','present',NULL,'08:00:00','12:00:00','12:00:00','18:30:00',10.50,'2026-04-27 03:22:13','2026-04-27 03:22:13'),(311,36,'2026-03-26','present',NULL,'08:00:00','12:00:00','12:00:00','18:30:00',10.50,'2026-04-27 03:22:32','2026-04-27 03:22:32'),(312,36,'2026-03-27','present',NULL,'08:00:00','12:00:00','12:00:00','18:30:00',10.50,'2026-04-27 03:22:48','2026-04-27 03:22:48'),(313,36,'2026-03-30','present',NULL,'08:05:00','12:00:00','12:00:00','17:30:00',9.42,'2026-04-27 03:24:00','2026-04-27 03:24:00'),(314,36,'2026-03-31','present',NULL,'08:10:00','12:00:00','12:00:00','17:25:00',9.25,'2026-04-27 03:24:16','2026-04-27 03:24:16'),(315,36,'2026-04-01','present',NULL,'08:20:00','12:00:00','12:00:00','17:30:00',9.17,'2026-04-27 03:25:48','2026-04-27 03:38:19'),(316,36,'2026-04-06','present',NULL,'07:50:00','12:00:00','12:00:00','17:30:00',9.67,'2026-04-27 03:26:05','2026-04-27 03:39:17'),(317,36,'2026-04-07','present',NULL,'08:00:00','12:00:00','12:00:00','17:30:00',9.50,'2026-04-27 03:26:25','2026-04-27 03:39:54'),(318,36,'2026-04-08','present',NULL,'08:00:00','12:00:00','12:00:00','17:40:00',9.67,'2026-04-27 03:27:21','2026-04-27 03:40:39'),(319,36,'2026-04-10','present',NULL,'08:00:00','12:00:00','12:00:00','17:30:00',9.50,'2026-04-27 03:28:55','2026-04-27 03:40:24'),(320,36,'2026-04-13','present',NULL,'08:00:00','12:00:00','12:00:00','17:30:00',9.50,'2026-04-27 03:29:16','2026-04-27 03:41:37'),(321,36,'2026-04-14','present',NULL,'07:45:00','12:00:00','00:00:00','17:30:00',21.75,'2026-04-27 03:29:35','2026-04-27 03:29:35'),(322,36,'2026-04-15','present',NULL,'07:45:00','12:00:00','12:00:00','17:30:00',9.75,'2026-04-27 03:30:06','2026-04-27 03:41:50'),(323,36,'2026-04-17','present',NULL,'08:00:00','12:00:00','12:00:00','17:30:00',9.50,'2026-04-27 03:30:28','2026-04-27 03:42:05'),(324,36,'2026-04-20','present',NULL,'07:20:00','12:00:00','12:00:00','17:30:00',10.17,'2026-04-27 03:30:47','2026-04-27 03:42:21'),(325,36,'2026-04-21','present',NULL,'07:30:00','12:00:00','12:00:00','17:30:00',10.00,'2026-04-27 03:32:20','2026-04-27 03:42:35'),(326,36,'2026-04-22','present',NULL,'07:40:00','12:00:00','12:00:00','17:30:00',9.83,'2026-04-27 03:33:18','2026-04-27 03:42:47'),(327,36,'2026-04-23','present',NULL,'07:50:00','12:00:00','12:00:00','17:30:00',9.67,'2026-04-27 03:33:33','2026-04-27 03:42:58'),(328,36,'2026-04-24','present',NULL,'08:00:00','12:00:00','12:00:00','17:30:00',9.50,'2026-04-27 03:33:49','2026-04-27 03:43:09'),(329,18,'2026-04-09','present',NULL,'07:30:00','12:00:00','13:00:00','18:30:00',10.00,'2026-04-27 05:36:18','2026-04-27 05:36:18'),(330,3,'2026-04-27','present',NULL,'07:24:00','12:02:00','12:57:00','18:35:00',10.27,'2026-04-27 11:32:12','2026-04-27 11:32:12'),(331,37,'2026-02-04','present',NULL,'08:02:00','12:08:00','13:25:00','17:00:00',7.68,'2026-04-27 12:54:54','2026-04-27 12:54:54'),(332,37,'2026-02-05','present',NULL,'07:54:00','12:04:00','12:53:00','17:00:00',8.28,'2026-04-27 12:55:43','2026-04-27 12:55:43'),(333,37,'2026-02-06','present',NULL,'07:46:00','12:00:00','13:08:00','17:00:00',8.10,'2026-04-27 12:57:08','2026-04-27 12:57:08'),(334,37,'2026-02-07','overtime',NULL,'08:23:00','10:40:00',NULL,NULL,2.28,'2026-04-27 12:58:10','2026-04-27 12:58:10'),(335,37,'2026-02-09','present',NULL,'07:57:00','12:00:00','13:00:00','17:00:00',8.05,'2026-04-27 12:59:01','2026-04-27 13:02:21'),(336,37,'2026-02-10','present',NULL,'08:00:00','12:03:00','13:10:00','17:00:00',7.88,'2026-04-27 13:02:56','2026-04-27 13:02:56'),(337,37,'2026-02-11','present',NULL,'07:55:00','11:58:00','12:57:00','17:00:00',8.10,'2026-04-27 13:03:48','2026-04-27 13:04:50'),(338,37,'2026-02-12','present',NULL,'07:55:00','11:58:00','12:57:00','17:00:00',8.10,'2026-04-27 13:05:11','2026-04-27 13:05:11'),(339,37,'2026-02-13','present',NULL,'08:30:00','12:00:00','13:00:00','17:00:00',7.50,'2026-04-27 13:06:06','2026-04-27 13:06:06'),(340,37,'2026-02-16','present',NULL,'08:07:00','12:00:00','12:38:00','17:00:00',8.25,'2026-04-27 13:06:47','2026-04-27 13:06:47'),(341,37,'2026-02-17','holiday',NULL,NULL,NULL,NULL,NULL,0.00,'2026-04-27 13:07:06','2026-04-27 13:07:06'),(342,37,'2026-02-18','present',NULL,'10:08:00','12:00:00',NULL,NULL,1.87,'2026-04-27 13:07:48','2026-04-27 13:07:48'),(343,37,'2026-02-19','present',NULL,'08:50:00','12:00:00','12:00:00','17:00:00',8.17,'2026-04-27 13:13:58','2026-04-27 13:13:58'),(344,37,'2026-02-20','present',NULL,'08:20:00','12:00:00','12:00:00','17:00:00',8.67,'2026-04-27 13:14:27','2026-04-27 13:14:27'),(345,37,'2026-02-23','present',NULL,'07:43:00','12:00:00','12:00:00','17:00:00',9.28,'2026-04-27 13:14:55','2026-04-27 13:14:55'),(346,37,'2026-02-24','present',NULL,'08:26:00','12:00:00','12:00:00','17:00:00',8.57,'2026-04-27 13:15:25','2026-04-27 13:15:25'),(347,37,'2026-02-25','present',NULL,'08:28:00','12:00:00','12:00:00','17:00:00',8.53,'2026-04-27 13:15:55','2026-04-27 13:15:55'),(348,37,'2026-02-26','present',NULL,'08:03:00','12:00:00','12:00:00','17:00:00',8.95,'2026-04-27 13:16:25','2026-04-27 13:16:25'),(349,37,'2026-02-27','present',NULL,'08:03:00','12:00:00','12:00:00','17:00:00',8.95,'2026-04-27 13:16:41','2026-04-27 13:16:41'),(350,37,'2026-03-02','present',NULL,'07:43:00','12:00:00',NULL,NULL,4.28,'2026-04-27 13:20:01','2026-04-27 13:20:01'),(351,37,'2026-03-03','absent',NULL,NULL,NULL,NULL,NULL,0.00,'2026-04-27 13:20:14','2026-04-27 13:20:14'),(352,37,'2026-03-04','absent',NULL,NULL,NULL,NULL,NULL,0.00,'2026-04-27 13:20:24','2026-04-27 13:20:24'),(353,37,'2026-03-05','present',NULL,'07:42:00','12:00:00','12:00:00','17:00:00',9.30,'2026-04-27 13:21:37','2026-04-27 13:21:37'),(354,37,'2026-03-06','present',NULL,'08:00:00','12:00:00','12:00:00','17:00:00',9.00,'2026-04-27 13:22:05','2026-04-27 13:22:05'),(355,37,'2026-03-09','present',NULL,'08:13:00','12:00:00','12:00:00','17:00:00',8.78,'2026-04-27 13:22:37','2026-04-27 13:22:37'),(356,37,'2026-03-10','present',NULL,'08:07:00','12:00:00','12:00:00','17:00:00',8.88,'2026-04-27 13:23:01','2026-04-27 13:23:01'),(357,37,'2026-03-11','present',NULL,'08:03:00','12:00:00','12:00:00','17:00:00',8.95,'2026-04-27 13:23:23','2026-04-27 13:23:23'),(358,37,'2026-03-12','present',NULL,'08:02:00','12:00:00','12:00:00','17:00:00',8.97,'2026-04-27 13:23:41','2026-04-27 13:23:41'),(359,37,'2026-03-13','present',NULL,'08:00:00','12:00:00','12:00:00','17:00:00',9.00,'2026-04-27 13:24:40','2026-04-27 13:24:40'),(360,37,'2026-03-16','present',NULL,'08:06:00','12:00:00','12:00:00','17:00:00',8.90,'2026-04-27 13:25:15','2026-04-27 13:27:48'),(361,37,'2026-03-17','present',NULL,'08:24:00','12:00:00','12:00:00','17:00:00',8.60,'2026-04-27 13:25:55','2026-04-27 13:25:55'),(362,37,'2026-03-18','holiday',NULL,NULL,NULL,NULL,NULL,0.00,'2026-04-27 13:26:15','2026-04-27 13:26:15'),(363,37,'2026-03-19','absent',NULL,NULL,NULL,NULL,NULL,0.00,'2026-04-27 13:28:39','2026-04-27 13:28:39'),(364,37,'2026-03-20','holiday',NULL,NULL,NULL,NULL,NULL,0.00,'2026-04-27 13:28:54','2026-04-27 13:28:54'),(365,37,'2026-03-23','present',NULL,'08:13:00','12:00:00','12:15:00','17:35:00',9.12,'2026-04-27 13:30:44','2026-04-27 13:31:32'),(366,37,'2026-03-25','present',NULL,'07:37:00','12:00:00','12:10:00','17:35:00',9.80,'2026-04-27 13:32:39','2026-04-27 13:32:39'),(367,37,'2026-03-24','present',NULL,'08:13:00','12:00:00','12:15:00','17:35:00',9.12,'2026-04-27 13:33:18','2026-04-27 13:33:18'),(368,37,'2026-03-26','present',NULL,'07:40:00','12:00:00','12:40:00','18:30:00',10.17,'2026-04-27 13:34:16','2026-04-27 13:34:16'),(369,37,'2026-03-27','present',NULL,'08:00:00','12:00:00','13:00:00','17:00:00',8.00,'2026-04-27 13:34:55','2026-04-27 13:34:55'),(370,37,'2026-03-30','present',NULL,'08:11:00','10:00:00','13:20:00','17:00:00',5.48,'2026-04-27 13:36:05','2026-04-27 13:36:05'),(371,37,'2026-04-06','present',NULL,'07:40:00','12:00:00','13:12:00','17:00:00',8.13,'2026-04-27 13:37:40','2026-04-27 13:37:41'),(372,37,'2026-04-07','present',NULL,'08:00:00','11:00:00','13:03:00','17:00:00',6.95,'2026-04-27 13:38:29','2026-04-27 13:38:29'),(373,37,'2026-04-08','present',NULL,'08:00:00','12:10:00','12:45:00','17:00:00',8.42,'2026-04-27 13:39:04','2026-04-27 13:39:04'),(374,37,'2026-04-10','present',NULL,'08:00:00','12:00:00','13:00:00','17:00:00',8.00,'2026-04-27 13:39:34','2026-04-27 13:39:34'),(375,37,'2026-04-13','present',NULL,'08:03:00','12:05:00','13:00:00','17:00:00',8.03,'2026-04-27 13:40:06','2026-04-27 13:40:06'),(376,37,'2026-04-14','present',NULL,'08:00:00','12:00:00','13:00:00','17:00:00',8.00,'2026-04-27 13:40:33','2026-04-27 13:40:33'),(377,37,'2026-04-15','present',NULL,'08:10:00','12:00:00','12:45:00','17:00:00',8.08,'2026-04-27 13:41:11','2026-04-27 13:41:11'),(378,37,'2026-04-17','present',NULL,'08:00:00','12:00:00','13:00:00','17:00:00',8.00,'2026-04-27 13:42:08','2026-04-27 13:42:08'),(379,37,'2026-04-20','present',NULL,NULL,NULL,'13:02:00','17:12:00',4.17,'2026-04-27 13:42:53','2026-04-27 13:42:53'),(380,37,'2026-04-21','present',NULL,'08:00:00','12:00:00','13:00:00','17:00:00',8.00,'2026-04-27 13:43:55','2026-04-27 13:43:55'),(381,37,'2026-04-23','present',NULL,'08:04:00','12:00:00','12:47:00','17:00:00',8.15,'2026-04-27 13:44:41','2026-04-27 13:44:41'),(382,37,'2026-04-24','present',NULL,'08:00:00','12:00:00','13:00:00','17:00:00',8.00,'2026-04-27 13:45:08','2026-04-27 13:45:08'),(383,15,'2026-04-27','present',NULL,'07:47:00','12:00:00','13:00:00','18:33:00',9.77,'2026-04-28 01:35:08','2026-04-28 01:36:24'),(384,15,'2026-04-28','present',NULL,'07:47:00','12:00:00','13:00:00','18:30:00',9.72,'2026-04-28 01:35:50','2026-04-28 01:35:50'),(385,18,'2026-04-28','present',NULL,'07:40:00','12:00:00','13:00:00','18:30:00',9.83,'2026-04-28 01:41:49','2026-04-28 01:42:32'),(386,18,'2026-04-27','present',NULL,'08:20:00','12:00:00','13:00:00','18:30:00',9.17,'2026-04-28 01:43:21','2026-04-28 01:43:21'),(387,6,'2026-04-24','present',NULL,'07:40:00','12:00:00','13:00:00','18:00:00',9.33,'2026-04-28 01:44:56','2026-04-28 01:44:56'),(388,6,'2026-04-27','present',NULL,'08:00:00','12:00:00','13:00:00','18:20:00',9.33,'2026-04-28 01:45:24','2026-04-28 01:45:24'),(389,38,'2026-02-04','present',NULL,'08:30:00','12:00:00','12:41:00','17:09:00',7.97,'2026-04-28 02:16:30','2026-04-28 02:16:30'),(390,38,'2026-02-05','present',NULL,'08:20:00','12:00:00','12:41:00','17:09:00',8.13,'2026-04-28 02:16:49','2026-04-28 02:16:49'),(391,38,'2026-02-06','present',NULL,'08:30:00','11:45:00','13:38:00','17:00:00',6.62,'2026-04-28 02:18:17','2026-04-28 02:18:17'),(392,38,'2026-02-09','present',NULL,'07:50:00','12:00:00','12:00:00','17:00:00',9.17,'2026-04-28 02:18:58','2026-04-28 02:19:34'),(393,38,'2026-02-10','present',NULL,'07:40:00','12:00:00','12:00:00','17:00:00',9.33,'2026-04-28 02:20:26','2026-04-28 02:20:26'),(394,38,'2026-02-11','present',NULL,'07:40:00','12:00:00','12:00:00','17:00:00',9.33,'2026-04-28 02:20:42','2026-04-28 02:20:42'),(395,38,'2026-02-12','present',NULL,'07:40:00','12:00:00','12:00:00','17:30:00',9.83,'2026-04-28 02:20:53','2026-04-28 02:20:53'),(396,38,'2026-02-13','present',NULL,'07:10:00','12:00:00','12:00:00','17:30:00',10.33,'2026-04-28 02:21:08','2026-04-28 02:21:08'),(397,38,'2026-02-16','present',NULL,'07:40:00','12:00:00','12:00:00','17:25:00',9.75,'2026-04-28 02:21:26','2026-04-28 02:21:26'),(398,38,'2026-02-19','present',NULL,'07:25:00','12:00:00','12:00:00','15:30:00',8.08,'2026-04-28 02:21:53','2026-04-28 02:21:53'),(399,38,'2026-02-20','present',NULL,'07:00:00','12:00:00','12:00:00','15:30:00',8.50,'2026-04-28 02:22:10','2026-04-28 02:22:10'),(400,38,'2026-02-23','present',NULL,'07:00:00','12:00:00','12:00:00','15:30:00',8.50,'2026-04-28 02:22:27','2026-04-28 02:22:27'),(401,38,'2026-02-24','present',NULL,'07:00:00','12:00:00','12:00:00','15:30:00',8.50,'2026-04-28 02:22:36','2026-04-28 02:22:36'),(402,38,'2026-02-25','present',NULL,'07:05:00','12:00:00','12:00:00','15:30:00',8.42,'2026-04-28 02:22:51','2026-04-28 02:22:56'),(403,38,'2026-02-26','present',NULL,'07:05:00','12:00:00','12:00:00','16:00:00',8.92,'2026-04-28 02:23:41','2026-04-28 02:23:41'),(404,38,'2026-02-27','present',NULL,'07:05:00','12:00:00','12:00:00','16:00:00',8.92,'2026-04-28 02:24:00','2026-04-28 02:24:00'),(405,38,'2026-03-02','present',NULL,'07:05:00','12:00:00','12:00:00','15:40:00',8.58,'2026-04-28 02:24:27','2026-04-28 02:24:27'),(406,38,'2026-03-03','present',NULL,'07:10:00','12:00:00','12:00:00','16:00:00',8.83,'2026-04-28 02:24:48','2026-04-28 02:24:48'),(407,38,'2026-03-04','present',NULL,'07:00:00','12:00:00','12:00:00','15:30:00',8.50,'2026-04-28 02:25:13','2026-04-28 02:25:13'),(408,38,'2026-03-05','present',NULL,'07:15:00','12:00:00','12:00:00','15:30:00',8.25,'2026-04-28 02:25:31','2026-04-28 02:25:31'),(409,38,'2026-03-06','present',NULL,'07:10:00','12:00:00','12:00:00','15:30:00',8.33,'2026-04-28 02:25:51','2026-04-28 02:25:51'),(410,38,'2026-03-09','present',NULL,'07:05:00','12:00:00','12:00:00','15:30:00',8.42,'2026-04-28 02:26:11','2026-04-28 02:26:11'),(411,38,'2026-03-10','present',NULL,'07:05:00','12:00:00','12:00:00','15:30:00',8.42,'2026-04-28 02:26:30','2026-04-28 02:26:30'),(412,38,'2026-03-11','present',NULL,'07:10:00','12:00:00','12:00:00','15:30:00',8.33,'2026-04-28 02:26:49','2026-04-28 02:26:49'),(413,38,'2026-03-12','present',NULL,'07:10:00','12:00:00','12:00:00','15:30:00',8.33,'2026-04-28 02:27:02','2026-04-28 02:27:02'),(414,38,'2026-03-13','present',NULL,'07:15:00','12:00:00','12:00:00','15:30:00',8.25,'2026-04-28 02:27:16','2026-04-28 02:27:16'),(415,38,'2026-03-16','present',NULL,'07:05:00','12:00:00','12:00:00','15:30:00',8.42,'2026-04-28 02:27:29','2026-04-28 02:27:40'),(416,38,'2026-03-17','present',NULL,'07:05:00','12:00:00','12:00:00','15:30:00',8.42,'2026-04-28 02:28:07','2026-04-28 02:28:07');
/*!40000 ALTER TABLE `attendances` ENABLE KEYS */;
UNLOCK TABLES;

--
-- Table structure for table `cache`
--

DROP TABLE IF EXISTS `cache`;
/*!40101 SET @saved_cs_client     = @@character_set_client */;
/*!50503 SET character_set_client = utf8mb4 */;
CREATE TABLE `cache` (
  `key` varchar(255) COLLATE utf8mb4_unicode_ci NOT NULL,
  `value` mediumtext COLLATE utf8mb4_unicode_ci NOT NULL,
  `expiration` int NOT NULL,
  PRIMARY KEY (`key`),
  KEY `cache_expiration_index` (`expiration`)
) ENGINE=InnoDB DEFAULT CHARSET=utf8mb4 COLLATE=utf8mb4_unicode_ci;
/*!40101 SET character_set_client = @saved_cs_client */;

--
-- Dumping data for table `cache`
--

LOCK TABLES `cache` WRITE;
/*!40000 ALTER TABLE `cache` DISABLE KEYS */;
/*!40000 ALTER TABLE `cache` ENABLE KEYS */;
UNLOCK TABLES;

--
-- Table structure for table `cache_locks`
--

DROP TABLE IF EXISTS `cache_locks`;
/*!40101 SET @saved_cs_client     = @@character_set_client */;
/*!50503 SET character_set_client = utf8mb4 */;
CREATE TABLE `cache_locks` (
  `key` varchar(255) COLLATE utf8mb4_unicode_ci NOT NULL,
  `owner` varchar(255) COLLATE utf8mb4_unicode_ci NOT NULL,
  `expiration` int NOT NULL,
  PRIMARY KEY (`key`),
  KEY `cache_locks_expiration_index` (`expiration`)
) ENGINE=InnoDB DEFAULT CHARSET=utf8mb4 COLLATE=utf8mb4_unicode_ci;
/*!40101 SET character_set_client = @saved_cs_client */;

--
-- Dumping data for table `cache_locks`
--

LOCK TABLES `cache_locks` WRITE;
/*!40000 ALTER TABLE `cache_locks` DISABLE KEYS */;
/*!40000 ALTER TABLE `cache_locks` ENABLE KEYS */;
UNLOCK TABLES;

--
-- Table structure for table `companies`
--

DROP TABLE IF EXISTS `companies`;
/*!40101 SET @saved_cs_client     = @@character_set_client */;
/*!50503 SET character_set_client = utf8mb4 */;
CREATE TABLE `companies` (
  `id` bigint unsigned NOT NULL AUTO_INCREMENT,
  `name` varchar(255) COLLATE utf8mb4_unicode_ci NOT NULL,
  `address` varchar(255) COLLATE utf8mb4_unicode_ci DEFAULT NULL,
  `logo` varchar(255) COLLATE utf8mb4_unicode_ci DEFAULT NULL,
  `created_at` timestamp NULL DEFAULT NULL,
  `updated_at` timestamp NULL DEFAULT NULL,
  PRIMARY KEY (`id`)
) ENGINE=InnoDB AUTO_INCREMENT=15 DEFAULT CHARSET=utf8mb4 COLLATE=utf8mb4_unicode_ci;
/*!40101 SET character_set_client = @saved_cs_client */;

--
-- Dumping data for table `companies`
--

LOCK TABLES `companies` WRITE;
/*!40000 ALTER TABLE `companies` DISABLE KEYS */;
INSERT INTO `companies` VALUES (2,'Ministry of Health','Barmm Cotabato','companies/CXYohuFdzryKrXLPhKcc4qpkgdosDDMlJurfTvAI.png','2026-04-14 02:19:29','2026-04-23 01:44:13'),(4,'Ministry of Trade, Investments and Tourism','BARMM','companies/kC07GcZA6d7PTohyBGbM6mBr2zr4TY2hOaswvuKk.png','2026-04-14 02:30:48','2026-04-23 01:44:04'),(5,'BICTO','Cotabato City','companies/PiXeBQYiyQcAupnPbE6DoSvUqt8NWbkI3jqr3bPJ.png','2026-04-14 02:35:03','2026-04-23 01:43:52'),(6,'BCPCH','BARMM Cotabato City','companies/NFQHNnRGNLdFvfxucZPGbJCofRqWChjp6TrxOPeW.png','2026-04-14 03:33:24','2026-04-23 01:43:40'),(7,'Bangsamoro Human Rights','BARMM Cotabato City','companies/Izjpr4CmZ6tZLzqrG8cogqA0ZhP5CWthFjQ0Lgv5.png','2026-04-14 03:34:44','2026-04-23 01:43:09'),(8,'OWWA','Cotabato City','companies/o1E79HpMQNC1K5j0nZQB5IhY52oceAg8AjAf6wl6.png','2026-04-14 03:36:13','2026-04-23 01:43:28'),(9,'Bangsamoro Pilgrimage Authority','BARMM | Cotabato City','companies/j8b4tAgknLmiwHiVbLYYt45UccKqvJdnR5V1P678.png','2026-04-14 03:39:13','2026-04-23 01:42:31'),(10,'Bangsamoro Information Office','Barmm Cotabato','companies/Z59gczmnN7Bz9YE8qekOj9SANGrnwRsfzx9tGiY5.png','2026-04-14 12:02:31','2026-04-23 01:37:55'),(11,'MBHTE','Barmm Cotabato','companies/9NCyeIZ09Nj3eqjSCLeAgv7epaNyrHyMn5oV3g82.png','2026-04-14 12:13:49','2026-04-23 01:42:15'),(12,'MAFAR','Barmm Cotabato','companies/EVQ81aP7blUOQfiTLBlb6VfUz1HFFQahOWnvzqZe.png','2026-04-14 12:14:10','2026-04-23 01:42:05'),(13,'MOTC','Barmm Cotabato','companies/8bPCkk8h9kjmjlYfIPjcPtFFHiyII7xhR5aH032B.png','2026-04-14 12:16:03','2026-04-23 01:41:29'),(14,'MENRE','Barmm Cotabato','companies/fGsfHfUugY7fBmQuRCYrpqemDL86B4rGdEBePN7S.png','2026-04-14 12:16:26','2026-04-23 01:41:20');
/*!40000 ALTER TABLE `companies` ENABLE KEYS */;
UNLOCK TABLES;

--
-- Table structure for table `failed_jobs`
--

DROP TABLE IF EXISTS `failed_jobs`;
/*!40101 SET @saved_cs_client     = @@character_set_client */;
/*!50503 SET character_set_client = utf8mb4 */;
CREATE TABLE `failed_jobs` (
  `id` bigint unsigned NOT NULL AUTO_INCREMENT,
  `uuid` varchar(255) COLLATE utf8mb4_unicode_ci NOT NULL,
  `connection` text COLLATE utf8mb4_unicode_ci NOT NULL,
  `queue` text COLLATE utf8mb4_unicode_ci NOT NULL,
  `payload` longtext COLLATE utf8mb4_unicode_ci NOT NULL,
  `exception` longtext COLLATE utf8mb4_unicode_ci NOT NULL,
  `failed_at` timestamp NOT NULL DEFAULT CURRENT_TIMESTAMP,
  PRIMARY KEY (`id`),
  UNIQUE KEY `failed_jobs_uuid_unique` (`uuid`)
) ENGINE=InnoDB DEFAULT CHARSET=utf8mb4 COLLATE=utf8mb4_unicode_ci;
/*!40101 SET character_set_client = @saved_cs_client */;

--
-- Dumping data for table `failed_jobs`
--

LOCK TABLES `failed_jobs` WRITE;
/*!40000 ALTER TABLE `failed_jobs` DISABLE KEYS */;
/*!40000 ALTER TABLE `failed_jobs` ENABLE KEYS */;
UNLOCK TABLES;

--
-- Table structure for table `job_batches`
--

DROP TABLE IF EXISTS `job_batches`;
/*!40101 SET @saved_cs_client     = @@character_set_client */;
/*!50503 SET character_set_client = utf8mb4 */;
CREATE TABLE `job_batches` (
  `id` varchar(255) COLLATE utf8mb4_unicode_ci NOT NULL,
  `name` varchar(255) COLLATE utf8mb4_unicode_ci NOT NULL,
  `total_jobs` int NOT NULL,
  `pending_jobs` int NOT NULL,
  `failed_jobs` int NOT NULL,
  `failed_job_ids` longtext COLLATE utf8mb4_unicode_ci NOT NULL,
  `options` mediumtext COLLATE utf8mb4_unicode_ci,
  `cancelled_at` int DEFAULT NULL,
  `created_at` int NOT NULL,
  `finished_at` int DEFAULT NULL,
  PRIMARY KEY (`id`)
) ENGINE=InnoDB DEFAULT CHARSET=utf8mb4 COLLATE=utf8mb4_unicode_ci;
/*!40101 SET character_set_client = @saved_cs_client */;

--
-- Dumping data for table `job_batches`
--

LOCK TABLES `job_batches` WRITE;
/*!40000 ALTER TABLE `job_batches` DISABLE KEYS */;
/*!40000 ALTER TABLE `job_batches` ENABLE KEYS */;
UNLOCK TABLES;

--
-- Table structure for table `jobs`
--

DROP TABLE IF EXISTS `jobs`;
/*!40101 SET @saved_cs_client     = @@character_set_client */;
/*!50503 SET character_set_client = utf8mb4 */;
CREATE TABLE `jobs` (
  `id` bigint unsigned NOT NULL AUTO_INCREMENT,
  `queue` varchar(255) COLLATE utf8mb4_unicode_ci NOT NULL,
  `payload` longtext COLLATE utf8mb4_unicode_ci NOT NULL,
  `attempts` tinyint unsigned NOT NULL,
  `reserved_at` int unsigned DEFAULT NULL,
  `available_at` int unsigned NOT NULL,
  `created_at` int unsigned NOT NULL,
  PRIMARY KEY (`id`),
  KEY `jobs_queue_index` (`queue`)
) ENGINE=InnoDB DEFAULT CHARSET=utf8mb4 COLLATE=utf8mb4_unicode_ci;
/*!40101 SET character_set_client = @saved_cs_client */;

--
-- Dumping data for table `jobs`
--

LOCK TABLES `jobs` WRITE;
/*!40000 ALTER TABLE `jobs` DISABLE KEYS */;
/*!40000 ALTER TABLE `jobs` ENABLE KEYS */;
UNLOCK TABLES;

--
-- Table structure for table `migrations`
--

DROP TABLE IF EXISTS `migrations`;
/*!40101 SET @saved_cs_client     = @@character_set_client */;
/*!50503 SET character_set_client = utf8mb4 */;
CREATE TABLE `migrations` (
  `id` int unsigned NOT NULL AUTO_INCREMENT,
  `migration` varchar(255) COLLATE utf8mb4_unicode_ci NOT NULL,
  `batch` int NOT NULL,
  PRIMARY KEY (`id`)
) ENGINE=InnoDB AUTO_INCREMENT=16 DEFAULT CHARSET=utf8mb4 COLLATE=utf8mb4_unicode_ci;
/*!40101 SET character_set_client = @saved_cs_client */;

--
-- Dumping data for table `migrations`
--

LOCK TABLES `migrations` WRITE;
/*!40000 ALTER TABLE `migrations` DISABLE KEYS */;
INSERT INTO `migrations` VALUES (1,'0001_01_01_000000_create_users_table',1),(2,'0001_01_01_000001_create_cache_table',1),(3,'0001_01_01_000002_create_jobs_table',1),(4,'2026_03_26_052621_add_role_to_users_table',1),(5,'2026_03_31_052757_create_companies_table',1),(6,'2026_03_31_072655_add_company_to_users_table',1),(7,'2026_03_31_074743_add_required_hours_to_users_table',1),(8,'2026_04_06_100551_add_rendered_hours_to_users_table',1),(9,'2026_04_06_101550_change_hours_to_decimal_in_users_table',1),(10,'2026_04_06_101745_change_required_hours_to_integer',1),(11,'2026_04_07_022420_create_attendances_table',1),(12,'2026_04_07_061743_add_signatory_to_users_table',1),(13,'2026_04_07_063658_add_signatory_position_to_users_table',1),(14,'2026_04_08_014213_add_status_and_remarks_to_attendances_table',1),(15,'2026_04_08_082334_add_profile_photo_to_users_table',1);
/*!40000 ALTER TABLE `migrations` ENABLE KEYS */;
UNLOCK TABLES;

--
-- Table structure for table `password_reset_tokens`
--

DROP TABLE IF EXISTS `password_reset_tokens`;
/*!40101 SET @saved_cs_client     = @@character_set_client */;
/*!50503 SET character_set_client = utf8mb4 */;
CREATE TABLE `password_reset_tokens` (
  `email` varchar(255) COLLATE utf8mb4_unicode_ci NOT NULL,
  `token` varchar(255) COLLATE utf8mb4_unicode_ci NOT NULL,
  `created_at` timestamp NULL DEFAULT NULL,
  PRIMARY KEY (`email`)
) ENGINE=InnoDB DEFAULT CHARSET=utf8mb4 COLLATE=utf8mb4_unicode_ci;
/*!40101 SET character_set_client = @saved_cs_client */;

--
-- Dumping data for table `password_reset_tokens`
--

LOCK TABLES `password_reset_tokens` WRITE;
/*!40000 ALTER TABLE `password_reset_tokens` DISABLE KEYS */;
INSERT INTO `password_reset_tokens` VALUES ('jpgordonez@gmail.com','$2y$12$gZ42tn282Ct7vs1qfbMv8uLDtwVeq3xVuxQLHw3I7.cEy8RrJJIcW','2026-04-23 05:18:12');
/*!40000 ALTER TABLE `password_reset_tokens` ENABLE KEYS */;
UNLOCK TABLES;

--
-- Table structure for table `sessions`
--

DROP TABLE IF EXISTS `sessions`;
/*!40101 SET @saved_cs_client     = @@character_set_client */;
/*!50503 SET character_set_client = utf8mb4 */;
CREATE TABLE `sessions` (
  `id` varchar(255) COLLATE utf8mb4_unicode_ci NOT NULL,
  `user_id` bigint unsigned DEFAULT NULL,
  `ip_address` varchar(45) COLLATE utf8mb4_unicode_ci DEFAULT NULL,
  `user_agent` text COLLATE utf8mb4_unicode_ci,
  `payload` longtext COLLATE utf8mb4_unicode_ci NOT NULL,
  `last_activity` int NOT NULL,
  PRIMARY KEY (`id`),
  KEY `sessions_user_id_index` (`user_id`),
  KEY `sessions_last_activity_index` (`last_activity`)
) ENGINE=InnoDB DEFAULT CHARSET=utf8mb4 COLLATE=utf8mb4_unicode_ci;
/*!40101 SET character_set_client = @saved_cs_client */;

--
-- Dumping data for table `sessions`
--

LOCK TABLES `sessions` WRITE;
/*!40000 ALTER TABLE `sessions` DISABLE KEYS */;
/*!40000 ALTER TABLE `sessions` ENABLE KEYS */;
UNLOCK TABLES;

--
-- Table structure for table `users`
--

DROP TABLE IF EXISTS `users`;
/*!40101 SET @saved_cs_client     = @@character_set_client */;
/*!50503 SET character_set_client = utf8mb4 */;
CREATE TABLE `users` (
  `id` bigint unsigned NOT NULL AUTO_INCREMENT,
  `name` varchar(255) COLLATE utf8mb4_unicode_ci NOT NULL,
  `email` varchar(255) COLLATE utf8mb4_unicode_ci NOT NULL,
  `profile_photo` varchar(255) COLLATE utf8mb4_unicode_ci DEFAULT NULL,
  `email_verified_at` timestamp NULL DEFAULT NULL,
  `password` varchar(255) COLLATE utf8mb4_unicode_ci NOT NULL,
  `remember_token` varchar(100) COLLATE utf8mb4_unicode_ci DEFAULT NULL,
  `created_at` timestamp NULL DEFAULT NULL,
  `updated_at` timestamp NULL DEFAULT NULL,
  `role` varchar(255) COLLATE utf8mb4_unicode_ci NOT NULL DEFAULT 'user',
  `company_id` bigint unsigned DEFAULT NULL,
  `required_hours` int NOT NULL DEFAULT '0',
  `rendered_hours` decimal(8,2) NOT NULL DEFAULT '0.00',
  `signatory_name` varchar(255) COLLATE utf8mb4_unicode_ci DEFAULT NULL,
  `signatory_position` varchar(255) COLLATE utf8mb4_unicode_ci DEFAULT NULL,
  PRIMARY KEY (`id`)
) ENGINE=InnoDB AUTO_INCREMENT=39 DEFAULT CHARSET=utf8mb4 COLLATE=utf8mb4_unicode_ci;
/*!40101 SET character_set_client = @saved_cs_client */;

--
-- Dumping data for table `users`
--

LOCK TABLES `users` WRITE;
/*!40000 ALTER TABLE `users` DISABLE KEYS */;
INSERT INTO `users` VALUES (1,'Admin','akatzukimiya@gmail.com','profiles/xDzUHLordFQjtLVtey2uTF7ymHVtHmO6UzMAfm1G.png',NULL,'$2y$12$ygwcP5nVkyYM48vxaiHeS.7MqqwxMHZwofF2cpkKChBAeXrvLAY5C',NULL,'2026-04-07 17:08:38','2026-04-23 05:59:47','admin',NULL,0,0.00,NULL,NULL),(2,'john paul dummy','student@gmail.com','profiles/8aKUMbHcFTUV7tfos0NyXHTjde0AxsqUZ3755Eqa.jpg',NULL,'$2y$12$IE5T0tDhGfJEvExE6JgtyOZaZCV4v.ClBOw5mOX4ysvJa/cLrJkWS',NULL,'2026-04-07 17:08:38','2026-04-14 03:31:32','user',3,486,36.59,NULL,NULL),(3,'John Paul G. Ordoñez','jpgordonez@gmail.com','profiles/Cx6YGWWk0aIJVfM5S8AULpOWY7NOEThcMzZPjDL2.jpg',NULL,'$2y$12$1WgZx.n/no1L1vZ9CHSH0eGcQPcDJuKUNOcqFzVGYS3OGxq6KtIAy','G8lr5OVOWzEKQE6NgEtyt172Qm9cdPFJdPcUxPhbajOkCae7U6e3VX2DvQ2u','2026-04-07 17:32:43','2026-04-27 11:32:12','user',10,486,422.87,'Fahad Gulam Hadji Yasser','Administrative Officer V'),(6,'abdul hakam angie','alleyboss30@gmail.com','profiles/2uZXtFosmynX7HR7ah4m7EFGNhNmNS8D8hoGoVUr.png',NULL,'$2y$12$49SMYjpIdjDq5wx6tAABQeAgaFmifGr7pZ5eyWFXS0AF40IHs4bf2','cI3HQtOUTFqfNR6Ino8svjyAkeqIOavde8tknuicCxtfppJDgpRq2vrxfdmC','2026-04-14 02:51:10','2026-04-28 01:45:24','user',5,486,355.31,'len','head of dlt'),(7,'Jerico','jericoocal03@gmail.com',NULL,NULL,'$2y$12$uXVSbOBtV.wmE9pF.1IUB.5RANT3EfMG0LK2jL3QhIedkq15O5rK6',NULL,'2026-04-14 02:55:35','2026-04-14 02:55:35','user',NULL,0,0.00,NULL,NULL),(8,'Admin','admin@gmail.com','profiles/jfOxhsvypg8be2zSoHd1JVddpAxF47LuUltstxgx.jpg',NULL,'$2y$12$sVEig8KbmfGqlzYUeA0pFOPtV3yBUFW7cv9PUaEGoodChi.tAzvau',NULL,'2026-04-14 03:20:27','2026-04-25 19:04:25','admin',NULL,0,0.00,NULL,NULL),(10,'Donald','trump@gmail.com',NULL,NULL,'$2y$12$7d7cdbWRqUEoMXj1NY85ueE31mzjtv8xQFaR3fxiI67GhJAsDHjDW',NULL,'2026-04-14 03:45:23','2026-04-14 03:45:47','user',8,486,0.00,NULL,NULL),(11,'Han','hantamayo57@gmail.com',NULL,NULL,'$2y$12$uN8qEzH9skVIoYwpZDGYMuBRYBTiApRBeCZqOErBc/xpsbn8C0dCu',NULL,'2026-04-14 03:52:31','2026-04-14 03:53:20','user',2,486,0.00,'Han','Secret'),(14,'Ebrahim kauting','ekauting702@gmail.com',NULL,NULL,'$2y$12$DYcxBAEY87BhPlhn4Ik4FuUYwbtenJ879fLnoSMM2jYmyw79Me1qa',NULL,'2026-04-14 04:41:34','2026-04-14 05:30:52','user',2,486,16.55,NULL,NULL),(15,'Rey','reypaltinca28@gmail.com',NULL,NULL,'$2y$12$Dk51RQHSFqUrlN.n/kmzuO6a5bZikY2ARstQfk0BwUzHiGvDqsMIy','qHuVk5zTQVhLmGt4SN3IBOWMFBDIRGq2D73wf9HqvSOaBmaQBixm9C46vNMk','2026-04-14 05:19:37','2026-04-28 01:48:07','user',5,486,386.88,'Len Adza','Head Officer Division'),(16,'Admin','admin@gmail.com',NULL,NULL,'$2y$12$qB.J6wXhZaUvDowvQIsRwegyY2J/HfWio/atyEkQmo0g9heYNi56u',NULL,'2026-04-14 05:25:59','2026-04-14 05:25:59','admin',NULL,0,0.00,NULL,NULL),(18,'whizz','acebroman@gmail.com',NULL,NULL,'$2y$12$9PsTiof4mejJqH8h2WF.seEgWSD3u1L6Wr8lWtN.atV9mfqhzHUDG',NULL,'2026-04-14 05:28:34','2026-04-28 01:43:21','user',5,486,329.31,'Normina G. Adza','Head of the Capacity Building Section'),(19,'Admin','admin@gmail.com',NULL,NULL,'$2y$12$eZK9zP1ZSgF7fzQfBzVZtOx4bF19LqJI4e94o2BSQiB9D9fmmAnNe',NULL,'2026-04-14 05:30:56','2026-04-14 05:30:56','admin',NULL,0,0.00,NULL,NULL),(21,'Ebrahim kauting','ebrahimkauting@gmail.com',NULL,NULL,'$2y$12$RQKg06CPveepRuBWg.luN.vaCzq3wniA02m2sWathoEGCFL8TvZEO',NULL,'2026-04-14 05:34:07','2026-04-14 06:28:26','user',2,486,360.42,NULL,NULL),(22,'Admin','admin@gmail.com',NULL,NULL,'$2y$12$UFeN.1LQ8O7kJnfTCOhptud.vOpiWE6NduIIAQunyjnWC6MDGBbG2',NULL,'2026-04-14 05:35:59','2026-04-14 05:35:59','admin',NULL,0,0.00,NULL,NULL),(24,'Admin','admin@gmail.com',NULL,NULL,'$2y$12$6xzLSonm0y6Yn6JbxZbQUeAfdtEZMdhRf50H/gwrg8iq/lHHVEkse',NULL,'2026-04-14 05:46:09','2026-04-14 05:46:09','admin',NULL,0,0.00,NULL,NULL),(26,'Admin','admin@gmail.com',NULL,NULL,'$2y$12$5enTqcd60bIbHjK9DBif2.K9HC8xF4c6ohnPlBesd7chK0BMHXiWK',NULL,'2026-04-14 05:47:48','2026-04-14 05:47:48','admin',NULL,0,0.00,NULL,NULL),(28,'Admin','admin@gmail.com',NULL,NULL,'$2y$12$s.a8GgFegrO5E5tyBAPjhejBQ0bai8U2BuKls5fC33wKyIbW4AQuK',NULL,'2026-04-14 05:48:56','2026-04-14 05:48:56','admin',NULL,0,0.00,NULL,NULL),(30,'test','test@example.com','profiles/GekAq3fOgeZ5EO9ynkolKQOFNphI0l7yPuA0QBf1.webp',NULL,'$2y$12$7z1k2sbH50znvN4lgAJ7t.6179ti0ZOXPGMnlK5KtZiZ3tE74JrKC',NULL,'2026-04-14 08:28:58','2026-04-14 08:30:35','user',3,240,0.00,'Fahad G. Hadji Yasser','Administrative Officer V'),(31,'dummy test','dummytest@gmail.com',NULL,NULL,'$2y$12$oMSQM3xWuO2m71tJtNHyPOGh6cFKUX74B4HPTTp40p.nnA.k89uWe',NULL,'2026-04-14 08:56:22','2026-04-14 08:56:22','user',NULL,0,0.00,NULL,NULL),(32,'Arwa Bacang','arwabcng@gmail.com',NULL,NULL,'$2y$12$0aipYqMKWSnR5CUEPUpceuTzFUdxneiYUbOJsPLvZGsOiMDAf6jWa',NULL,'2026-04-15 00:37:08','2026-04-15 00:41:03','user',10,486,21.10,'Hamsa Nul','provincial head'),(33,'Tami','tami?@gmail.com',NULL,NULL,'$2y$12$wVrEtYb.4h/VCvf3lbZ4/OWBBZL9Uu44rTNIIuvxY.mZ4tAXzpn7e',NULL,'2026-04-15 00:41:41','2026-04-15 00:42:41','user',11,486,0.00,NULL,NULL),(34,'markpipino','markpipino@gmail.com',NULL,NULL,'$2y$12$RTUTrtQEN04481TLlwqJpeiuIl/IElsjnPzpg9NSMeh0X5.YrZ6Ke',NULL,'2026-04-23 03:38:50','2026-04-23 03:41:26','user',2,486,0.00,'sdsadasd','dogstyle'),(35,'calod29434@ryzid.com','calod29434@ryzid.com','profiles/pLDoZLluo5t0eJ158iad1uWYoFW9QypnjWl1AYGL.jpg',NULL,'$2y$12$L/gOVGPFkN5GuQQZFSqeL.MxlbpkTQNVuXByVFrtoN0eFINLeCeqW',NULL,'2026-04-23 06:16:05','2026-04-23 06:40:50','user',5,1,-7.03,'69','69'),(36,'jie','norjiepaidomama98@gmail.com',NULL,NULL,'$2y$12$.LoQB0KULs4cEdnMfQj5IuariL5ZeqnhkeXjccoxlKaV1EGH8yJBm',NULL,'2026-04-27 02:59:59','2026-04-27 03:43:09','user',11,486,493.45,NULL,NULL),(37,'Morj','morj@gmail.com',NULL,NULL,'$2y$12$OduJqPHQR4Yow9Z98Igp9enU03r0.RuBBONFtg8jWnXTeGnLxCv2y','ocJpM11Fqy2W1xlAyd28QdItph2st0X6rAiq5kXU6jUWtJu04T4rd3PL6UJC','2026-04-27 12:50:45','2026-04-27 13:45:08','user',11,486,365.49,NULL,NULL),(38,'TARHATA SANGALAN','sangalantarhata726@gmail.com',NULL,NULL,'$2y$12$pFyseT68Zx0ow1tx4ljtZup7tcYwRCodZVJb022x8dTgeZ6XT2RPK',NULL,'2026-04-28 02:12:14','2026-04-28 02:28:38','user',11,486,257.55,'Alfhadar Pajiji','Chief');
/*!40000 ALTER TABLE `users` ENABLE KEYS */;
UNLOCK TABLES;

--
-- Dumping routines for database 'railway'
--
/*!40103 SET TIME_ZONE=@OLD_TIME_ZONE */;

/*!40101 SET SQL_MODE=@OLD_SQL_MODE */;
/*!40014 SET FOREIGN_KEY_CHECKS=@OLD_FOREIGN_KEY_CHECKS */;
/*!40014 SET UNIQUE_CHECKS=@OLD_UNIQUE_CHECKS */;
/*!40101 SET CHARACTER_SET_CLIENT=@OLD_CHARACTER_SET_CLIENT */;
/*!40101 SET CHARACTER_SET_RESULTS=@OLD_CHARACTER_SET_RESULTS */;
/*!40101 SET COLLATION_CONNECTION=@OLD_COLLATION_CONNECTION */;
/*!40111 SET SQL_NOTES=@OLD_SQL_NOTES */;

-- Dump completed on 2026-04-28 10:25:53
